ID,foodId,star
502,2898,1
502,2431,7
502,3181,5
502,3077,9 
502,2329,1
502,2046,7
502,607,7
735,3208,3
735,2065,8
735,2629,7
735,2282,5
735,581,9
735,313,4
735,89,9
420,74,8
420,1858,5
420,303,8
420,1860,8
680,893,8
680,852,3
680,1485,9
680,3399,2
680,11,6
680,3186,3
504,616,9
504,3305,7
504,2769,6
504,3003,10
634,405,9
634,2542,6
634,3206,7
634,447,7
634,2590,1
634,3159,10
721,2817,10
721,393,10
721,220,9
721,2901,7
421,2237,9
421,2963,3
421,361,10
421,2563,1
421,2844,6
421,570,3
421,3344,8
670,1981,2
670,428,8
670,3166,7
670,1751,2
670,3029,10
670,1731,3
670,2801,6
670,699,8
670,2024,9
759,557,6
759,2081,5
759,2761,2
759,2003,2
759,2227,5
759,3034,5
759,270,4
759,2998,8
759,3286,3
636,817,3
636,3295,5
636,2229,9
636,3232,4
636,3493,1
636,1913,8
636,93,2
788,3470,1
788,2831,10
788,71,6
788,30,2
788,2164,3
788,3030,4
788,2798,1
788,3168,4
82,3342,10
82,2777,6
82,2339,6
82,2100,6
132,2202,1
132,2467,3
132,2170,9
132,3155,8
132,324,9
132,3008,9
132,3107,7
132,1990,4
402,2445,7
402,33,3
402,2889,2
402,2727,9
402,79,9
402,3130,2
402,468,7
566,2230,5
566,2738,2
566,3300,5
566,1678,10
566,2966,3
566,2331,7
566,2442,9
596,3334,1
596,694,4
596,742,7
596,355,2
596,256,2
596,2904,8
596,3403,3
596,627,1
596,3479,4
676,2316,6
676,3143,7
676,1736,2
676,223,7
676,2039,6
729,1810,1
729,2212,2
729,1990,10
729,2342,9
729,2645,10
729,1895,10
729,397,2
742,3241,10
742,2994,6
742,2051,9
742,2412,10
742,1736,6
742,2191,5
64,3104,1
64,2051,6
64,3165,3
64,1,2
64,283,9
97,2179,3
97,2274,7
97,1519,9
97,3194,4
97,2449,4
97,110,4
97,3109,5
97,3036,6
97,2083,2
126,2212,6
126,2016,9
126,2397,3
126,3007,2
126,1941,3
126,1872,1
390,3365,6
390,3253,9
390,2835,2
390,3298,7
390,360,3
390,2870,1
390,2637,8
390,2823,4
458,2920,7
458,1892,10
458,1706,6
458,556,4
458,387,1
458,3140,1
470,41,10
470,105,2
470,2612,7
470,2560,5
470,1690,10
470,567,3
470,1813,7
470,2640,4
470,3350,8
494,3401,7
494,2057,10
494,421,9
494,3140,8
494,2949,3
494,2236,5
494,2748,6
494,1721,1
494,505,10
564,352,1
564,505,2
564,26,2
564,543,1
564,2253,5
696,3021,6
696,2746,10
696,2635,5
696,2246,10
696,1856,6
696,2491,6
696,2875,3
696,2267,5
696,3467,5
106,761,9
106,367,3
106,2194,7
106,2814,1
106,3318,9
138,710,3
138,732,6
138,271,9
138,2546,2
138,3004,7
138,2704,2
138,3150,9
315,1749,3
315,398,2
315,2723,3
315,3442,4
315,3107,8
315,2567,8
315,2044,4
315,2341,5
650,2547,4
650,2618,2
650,1778,8
650,2694,6
650,542,6
650,249,7
650,302,10
678,1711,4
678,707,10
678,216,1
678,1604,8
678,3218,7
699,2904,8
699,2281,1
699,1833,1
699,1941,10
699,2871,5
699,3250,10
699,221,8
699,100,7
699,3234,7
703,769,8
703,2567,9
703,1953,9
703,117,5
703,2695,3
703,3191,2
703,2910,5
708,3491,6
708,2266,4
708,2350,7
708,2386,3
708,3016,4
708,797,1
719,29,1
719,2154,5
719,2294,7
719,2764,7
719,2466,9
740,754,4
740,278,10
740,3212,5
740,587,2
740,483,9
741,2079,4
741,2430,8
741,2530,2
741,308,8
741,2671,10
746,357,4
746,127,3
746,2173,9
746,2989,9
746,2208,9
746,2244,2
746,2232,1
794,716,2
794,1933,8
794,287,1
794,539,8
794,908,2
794,3521,2
794,2211,1
794,2361,3
794,80,7
219,3352,9
219,511,3
219,2476,6
219,644,10
219,371,4
219,2032,4
255,2933,7
255,30,3
255,506,8
255,2973,1
255,555,7
255,2515,5
255,519,9
255,3466,8
255,3195,2
450,3461,1
450,2531,1
450,631,1
450,3404,8
450,115,10
450,1987,6
450,2675,1
450,2965,10
626,2391,1
626,3373,9
626,3242,10
626,1805,5
626,2085,8
664,3071,1
664,2870,4
664,3228,7
664,898,6
664,941,2
664,2640,6
704,623,6
704,3222,7
704,3487,8
704,3161,6
704,3198,2
704,3273,9
799,2823,1
799,758,3
799,3166,8
799,1721,8
799,3193,4
799,1873,10
799,428,1
799,642,10
210,76,6
210,3357,1
210,2305,9
210,3161,10
210,2943,8
210,1726,4
210,3153,3
210,223,5
237,3027,4
237,1724,1
237,2775,1
237,2856,2
237,3232,7
237,1519,1
237,372,9
237,3423,4
237,2853,5
318,1701,8
318,1844,2
318,2443,8
318,3206,10
318,2964,9
318,3006,5
318,126,7
318,2085,1
318,1789,10
620,494,3
620,495,10
620,1609,3
620,2174,1
620,3407,7
620,2733,10
620,3405,1
620,3452,6
620,8,10
640,422,10
640,3240,5
640,2439,9
640,267,5
640,1993,10
640,1021,1
640,228,7
640,1858,10
668,3132,4
668,2234,1
668,219,2
668,2586,3
668,2669,7
668,2801,10
668,2016,9
668,878,10
668,825,10
701,2298,10
701,2536,8
701,1851,8
701,2076,9
701,2672,2
174,3208,5
174,2559,10
174,2938,6
174,2900,6
276,3244,5
276,3412,7
276,1688,2
276,3232,3
276,370,10
276,2066,8
276,2212,5
276,1577,3
345,162,1
345,410,8
345,1856,5
345,1714,10
345,1930,2
345,818,4
482,2556,5
482,1702,2
482,2021,5
482,3508,9
482,435,6
630,3482,6
630,296,1
630,600,3
630,2144,2
630,2325,3
789,1847,1
789,3355,3
789,1323,6
789,3259,9
789,2304,10
789,2272,10
348,2024,7
348,1875,1
348,2616,7
348,2206,2
348,3359,4
348,503,4
348,1753,5
7,3448,9
7,1667,3
7,3350,3
7,3241,4
7,3074,5
7,2225,9
7,404,3
7,3419,5
7,3453,5
9,421,8
9,2430,2
9,2405,8
9,908,6
10,1083,6
10,135,8
10,3202,8
10,3475,9
10,716,6
10,1716,6
10,2494,6
10,3273,6
42,627,10
42,3040,1
42,2627,9
42,2300,7
42,2509,2
42,2155,3
47,3503,9
47,652,2
47,529,10
47,1540,4
47,1657,5
71,54,5
71,2233,2
71,3424,9
71,738,3
71,2189,10
71,2307,7
71,3158,10
72,2412,8
72,3001,9
72,2164,9
72,2843,1
72,19,5
72,421,9
72,444,2
72,1820,9
72,694,7
83,510,7
83,193,10
83,2596,9
83,2670,4
83,2272,2
88,2333,6
88,225,6
88,2082,1
88,1747,1
88,1796,4
88,3410,3
88,3473,10
88,3117,3
88,453,9
89,349,4
89,3297,4
89,1737,4
89,1650,4
89,2634,6
89,1712,9
89,1825,10
96,2416,8
96,2112,1
96,573,8
96,291,4
96,2461,10
96,519,4
96,232,5
96,118,2
98,2808,4
98,1965,1
98,3230,8
98,2835,4
98,2348,2
98,2056,8
98,30,3
99,3138,3
99,3287,1
99,2153,3
99,1872,3
99,1657,6
99,3325,7
99,2695,9
102,2020,7
102,2727,4
102,2659,7
102,1783,5
102,736,7
102,2365,3
102,2898,2
126,1920,9
126,3287,1
126,3505,6
126,2510,5
126,2838,1
126,3497,2
126,3050,1
126,3160,10
126,2754,2
134,3139,8
134,490,10
134,2405,10
134,668,8
134,202,2
137,3145,7
137,2724,5
137,2262,1
137,1723,5
137,3384,5
137,2822,1
137,855,2
138,3481,10
138,2712,4
138,2290,3
138,536,6
138,1660,10
139,66,2
139,2366,3
139,2950,10
139,1852,1
139,3432,2
139,2537,6
139,140,6
139,2955,3
139,1528,6
141,585,2
141,3169,5
141,165,1
141,3355,1
141,2986,10
143,2697,3
143,3243,4
143,1274,9
143,1829,10
144,1749,2
144,134,9
144,2600,3
144,3354,9
144,416,7
145,2658,8
145,342,5
145,3467,8
145,1817,4
145,128,10
147,405,3
147,2189,8
147,1915,2
147,2172,2
147,567,9
147,3340,2
147,3487,6
149,462,2
149,3292,8
149,546,5
149,27,7
150,796,9
150,3371,9
150,194,8
150,3067,4
153,322,4
153,2674,5
153,2692,10
153,562,4
153,433,7
153,1724,4
154,530,7
154,2061,2
154,3140,4
154,2692,5
157,3246,2
157,1680,9
157,266,10
157,145,6
157,1673,9
157,817,7
157,3158,5
157,2058,6
161,2866,10
161,2489,6
161,333,9
161,258,1
161,837,4
161,3012,5
161,2611,10
165,1674,2
165,347,8
165,506,4
165,766,2
165,2486,2
165,2984,1
165,3420,10
166,2035,8
166,3152,3
166,3348,8
166,3082,3
166,1980,1
166,2155,7
171,1970,9
171,2439,2
171,697,9
171,351,2
171,242,10
171,925,6
180,510,3
180,1520,7
180,2545,3
180,1807,6
181,1737,9
181,2874,2
181,93,8
181,1354,5
181,3036,4
181,2183,7
181,2128,10
181,1674,8
181,2486,5
182,938,5
182,2374,10
182,314,8
182,2732,10
182,2912,3
182,26,3
182,3119,9
186,3194,4
186,1865,4
186,357,10
186,109,1
186,1805,7
186,2830,2
186,466,8
186,80,1
186,3099,8
190,2500,2
190,1528,3
190,2153,10
190,1854,4
190,3130,3
190,3426,1
197,1887,4
197,478,8
197,2825,10
197,2515,9
197,3421,10
197,1252,6
435,2378,6
435,2356,5
435,3318,4
435,2164,1
472,2112,9
472,62,3
472,3302,6
472,1635,3
472,634,8
472,2990,3
472,383,9
472,2146,6
85,1752,5
85,57,9
85,1732,1
85,2397,10
85,2975,8
85,2642,3
85,3377,5
85,3103,7
710,2904,1
710,577,1
710,3191,1
710,3513,9
710,2172,6
429,1812,5
429,1,3
429,2832,6
429,2773,7
429,3275,4
429,1974,2
429,1883,1
429,605,6
429,1417,2
702,3447,3
702,3238,2
702,2758,5
702,1859,2
702,3243,8
702,2322,8
4,3217,6
4,3024,1
4,225,10
4,3254,1
4,167,5
4,2756,7
4,2073,6
4,1879,10
4,596,9
189,2812,8
189,1800,7
189,2921,4
189,728,5
189,3419,5
201,3118,6
201,1924,7
201,1682,1
201,3475,3
201,114,7
201,327,1
201,3079,5
201,3197,10
201,1712,8
285,3375,7
285,2479,2
285,606,2
285,2906,1
285,1808,4
285,2360,7
285,3371,3
285,3496,4
285,1975,5
393,2193,1
393,2041,3
393,3279,6
393,2880,1
393,107,3
393,2500,9
468,2283,6
468,52,10
468,3450,5
468,2584,10
468,3081,6
468,171,5
468,2620,7
468,778,2
468,120,8
492,2395,7
492,1148,7
492,2064,7
492,1021,2
492,835,4
492,3363,10
492,243,10
496,3232,5
496,1861,3
496,2668,7
496,2548,2
498,605,9
498,462,3
498,2717,7
498,3488,5
498,1867,1
498,2357,5
684,2935,7
684,3204,4
684,1854,10
684,2800,6
684,2214,9
684,2208,4
700,2029,9
700,2814,6
700,1805,1
700,2863,9
716,2220,5
716,2787,6
716,2687,10
716,1924,10
716,3224,8
716,273,5
716,2488,3
716,443,2
366,2664,10
366,2429,9
366,319,10
366,2045,5
366,2700,9
366,3067,3
366,2208,3
366,3338,2
399,1771,8
399,2604,1
399,2110,9
399,3216,10
399,2881,4
399,3378,1
399,2124,1
399,573,10
399,732,3
490,1241,1
490,3349,2
490,2000,8
490,2017,4
490,356,2
490,2123,5
490,3365,10
490,2750,5
490,3189,7
500,2346,4
500,151,2
500,736,5
500,80,1
500,154,2
500,2890,1
500,1881,7
500,20,9
500,448,10
672,3092,10
672,2117,6
672,695,6
672,2520,9
672,2437,6
690,126,2
690,890,7
690,2843,10
690,2589,8
690,151,5
690,2541,6
690,167,4
690,3464,4
718,385,7
718,148,7
718,2420,6
718,330,10
718,2215,1
718,1964,8
264,2045,1
264,3450,7
264,2166,3
264,447,4
264,2950,4
464,1484,8
464,93,7
464,458,4
464,497,7
464,2282,7
466,2829,3
466,2970,7
466,1491,8
466,964,7
466,2276,10
466,2433,3
466,1888,3
466,377,3
466,2806,1
686,2218,2
686,1361,10
686,3314,3
686,2390,2
686,524,6
686,3064,2
686,607,9
688,2309,6
688,3049,1
688,1604,7
688,152,2
688,3483,8
688,2176,7
688,1864,8
688,98,5
16,3002,5
16,1726,2
16,877,3
16,1788,6
705,3109,2
705,3357,3
705,1593,6
705,2610,9
705,2539,10
705,2392,2
705,2178,6
705,394,8
709,2041,2
709,1640,9
709,2410,2
709,3,7
709,2843,10
19,2653,5
19,2306,3
19,2586,6
19,244,3
19,2440,6
19,3116,2
123,2077,4
123,3210,7
123,648,10
123,1877,1
123,2354,8
476,2069,9
476,2362,5
476,2510,2
476,1964,9
476,2305,8
682,2444,1
682,3192,8
682,3198,4
682,631,1
682,2718,6
682,3422,2
682,3376,7
682,2812,4
706,1798,9
706,1952,3
706,222,5
706,2045,3
706,726,6
706,3183,6
706,2103,9
706,2535,6
706,3466,6
754,2969,9
754,685,2
754,98,4
754,3065,7
754,2748,10
754,2523,6
754,2347,4
68,2813,6
68,808,5
68,2933,8
68,2436,4
342,424,2
342,3500,4
342,2392,5
342,2309,9
342,3205,7
342,2315,9
342,1575,10
342,2257,7
712,505,9
712,1743,2
712,725,4
712,3008,1
712,2334,10
715,2220,5
715,3378,3
715,3484,10
715,3503,4
12,3476,8
12,475,4
12,142,7
12,696,1
12,1781,9
12,2919,9
12,1799,6
12,2044,10
12,2255,3
20,2205,8
20,1838,3
20,2332,9
20,3035,4
20,1962,5
20,2568,6
41,3406,6
41,2169,5
41,2128,8
41,2455,7
41,3200,9
41,1829,6
41,1021,6
41,3005,2
41,267,9
60,151,1
60,2451,8
60,1697,7
60,3407,5
60,2295,10
60,2175,4
79,3151,6
79,386,10
79,262,5
79,608,8
79,2690,8
79,928,2
81,2015,1
81,1668,3
81,2865,1
81,3285,3
81,2986,6
81,152,2
81,3476,7
81,2098,8
81,1994,9
133,2155,10
133,371,5
133,3257,8
133,3234,6
133,2355,6
133,3448,4
133,2180,6
133,3459,1
135,2802,10
135,253,4
135,321,1
135,3067,8
135,2269,6
135,1422,9
135,890,3
135,2437,4
135,894,1
146,1848,3
146,2915,5
146,818,8
146,3123,3
146,3041,3
146,2574,4
152,3009,4
152,2833,9
152,1818,1
152,1897,8
178,413,2
178,2709,8
178,3338,2
178,2209,3
178,2758,2
12,211,9
12,2869,10
12,619,6
12,1330,1
12,19,3
12,1923,7
12,1976,5
12,347,8
12,52,5
18,2930,3
18,3472,5
18,3187,10
18,2394,7
24,803,6
24,607,6
24,2259,9
24,268,5
24,151,1
675,2521,5
675,1823,7
675,2400,2
675,722,3
39,2870,1
39,2963,6
39,3238,8
39,3262,3
39,197,1
39,2348,7
474,2400,9
474,1083,10
474,331,4
474,3025,8
474,2889,9
474,2630,5
474,52,6
648,442,2
648,56,6
648,2914,9
648,2174,7
648,1789,8
648,3146,7
648,3344,2
48,635,8
48,2699,10
48,282,9
48,370,4
48,2007,4
48,3281,4
48,1888,9
48,2689,10
48,363,5
656,2785,7
656,2931,4
656,2933,3
656,602,5
656,1989,10
656,2324,6
656,1672,2
656,550,9
656,3446,10
57,2538,10
57,2702,1
57,48,5
57,3472,5
57,315,1
57,189,8
57,3450,2
658,249,9
658,1083,2
658,2495,9
658,1577,8
69,2141,2
69,2417,2
69,228,6
69,2657,6
69,2676,1
69,306,5
69,3260,7
69,23,2
69,2012,2
662,1811,9
662,206,6
662,3320,1
662,3082,10
662,2703,8
662,3514,3
662,2499,3
662,162,1
714,1821,4
714,3019,1
714,607,9
714,1745,8
87,3137,2
87,108,1
87,605,10
87,1879,6
87,3100,6
87,509,2
87,3075,5
87,945,7
87,539,7
231,2631,3
231,1882,4
231,519,4
231,1995,9
505,2722,9
505,3108,3
505,1422,4
505,2656,4
654,2748,5
654,908,4
654,3065,8
654,2210,4
654,292,7
654,2029,7
654,648,2
7,2325,9
7,3478,6
7,2680,7
7,2961,3
61,243,5
61,2767,2
61,2833,3
61,2906,7
61,532,5
61,2360,1
102,2008,9
102,13,10
102,2551,6
102,853,6
102,3494,8
102,2718,4
102,2278,3
127,97,4
127,1872,7
127,2392,8
127,2747,8
127,3242,7
127,1768,2
127,137,8
127,734,2
127,1718,6
228,892,5
228,2896,2
228,3174,7
228,2688,8
228,1,4
228,3398,9
674,33,7
674,1404,1
674,2498,2
674,2337,9
674,448,1
674,1640,9
674,2737,3
674,2144,6
744,1819,6
744,830,4
744,131,7
744,1656,8
744,2992,4
744,2177,4
744,519,10
744,3373,6
10,2019,10
10,3123,10
10,3466,7
10,3044,5
10,777,7
58,3507,10
58,2696,8
58,2993,10
58,885,8
58,3217,6
58,1981,10
108,822,4
108,705,3
108,397,10
108,158,10
150,12,4
150,2074,3
150,3131,1
150,2728,3
150,3041,9
150,3313,5
150,2702,8
198,3078,7
198,2633,2
198,3148,1
198,1901,5
198,2926,6
198,1520,3
198,413,6
198,2027,10
357,2158,7
357,2899,10
357,3328,7
357,2677,2
357,2268,10
588,3082,2
588,3362,3
588,1665,6
588,565,3
588,257,6
588,425,10
588,540,2
666,2661,6
666,2203,1
666,3002,8
666,2272,3
666,2481,8
666,2021,1
698,2847,4
698,3138,4
698,470,2
698,585,5
698,109,1
698,2825,8
698,2478,1
698,508,6
698,2925,5
753,100,8
753,378,6
753,908,9
753,2126,7
753,1688,2
753,2251,3
753,333,1
753,2436,2
110,775,10
110,2172,4
110,2068,3
110,933,6
110,797,5
110,2297,3
110,3138,5
110,454,10
113,3017,7
113,3144,5
113,1497,8
113,3509,2
113,1847,9
113,3483,4
113,340,7
119,2365,6
119,695,1
119,2265,6
119,1470,3
122,2160,6
122,1645,2
122,3312,10
122,3163,1
122,3004,5
452,2251,9
452,2829,8
452,782,1
452,474,9
452,1711,10
452,160,7
452,2847,9
452,1774,4
452,1999,3
652,3031,2
652,3382,9
652,226,5
652,2143,2
652,2648,2
652,2596,6
652,707,8
652,227,4
660,2516,6
660,671,7
660,188,5
660,2685,9
660,100,4
660,2523,8
673,3012,8
673,1921,2
673,3185,1
673,2823,3
134,2954,3
134,2774,7
134,659,4
134,2004,6
134,471,1
162,2877,8
162,517,9
162,2535,3
162,815,6
162,3457,4
168,3237,6
168,3496,10
168,52,1
168,1611,9
168,500,9
580,1887,3
580,1698,5
580,326,8
580,2663,2
580,2927,7
580,870,7
694,2568,1
694,928,10
694,43,7
694,3376,6
790,1897,7
790,2469,4
790,2289,8
790,237,3
790,1752,7
140,239,2
140,2020,5
140,2918,6
140,440,6
140,1677,7
140,1751,3
143,2965,1
143,1656,10
143,3094,6
143,2353,2
143,3280,7
143,1740,4
146,3156,6
146,3480,8
146,1688,7
146,3219,1
146,2588,4
146,222,9
146,2028,2
161,3153,5
161,279,4
161,3314,4
161,2633,8
161,3174,6
161,1976,2
161,255,8
375,2657,8
375,3099,9
375,2164,7
375,2358,3
375,97,10
375,2951,4
375,2294,9
426,489,2
426,452,7
426,2252,1
426,503,4
426,3320,2
426,2942,8
426,938,6
426,2254,9
426,3219,7
453,1948,5
453,209,9
453,2226,6
453,1697,6
453,2391,8
534,2290,5
534,2505,8
534,2478,1
534,2338,2
534,2295,6
612,3093,5
612,2850,4
612,369,3
612,2607,4
612,2578,9
612,3275,3
612,3087,4
692,327,9
692,2917,1
692,3050,3
692,402,4
692,2788,10
692,2436,1
692,1991,4
717,3361,2
717,153,7
717,514,2
717,1733,6
717,419,3
717,85,8
717,2406,9
717,1577,3
725,3005,5
725,1528,8
725,3417,6
725,3249,10
725,1904,10
725,2513,6
725,2799,2
777,2975,5
777,3237,4
777,3377,7
777,1803,8
777,2556,6
777,1678,6
777,2622,10
777,2873,10
777,28,3
67,3319,1
67,2483,4
67,3036,9
67,3313,8
67,2648,7
67,2416,6
67,2590,5
67,930,10
67,1850,8
109,150,1
109,738,1
109,2941,3
109,2494,6
109,232,10
109,529,5
109,2795,5
351,2019,5
351,2259,3
351,2628,2
351,2694,4
552,3045,1
552,2771,4
552,644,6
552,100,4
552,3247,10
552,2975,10
552,3490,4
552,3346,3
552,2143,5
685,942,1
685,377,7
685,387,10
685,3376,9
685,3360,6
685,13,10
685,824,4
685,782,9
750,3045,2
750,2226,6
750,492,5
750,2302,3
750,2378,6
750,927,1
750,3224,7
750,648,2
750,386,9
31,688,6
31,1252,3
31,3350,7
31,432,6
129,1796,4
129,2792,9
129,3199,6
129,2084,10
129,2429,3
129,3201,7
129,3117,6
129,1667,3
173,2085,5
173,3132,1
173,3160,9
173,3448,4
173,31,9
173,2462,9
176,457,7
176,384,6
176,2389,5
176,2334,1
176,3460,9
176,329,1
179,1735,10
179,606,4
179,2998,9
179,2147,2
179,2744,5
179,3497,8
179,2268,9
179,2288,6
182,1962,6
182,1790,9
182,362,9
182,804,6
182,3315,8
182,47,1
182,511,8
183,322,5
183,3419,6
183,336,5
183,3297,1
183,2815,1
185,2885,1
185,9,3
185,1510,3
185,1673,1
185,2001,8
195,3248,1
195,935,1
195,2614,1
195,90,9
195,3247,7
195,1733,6
316,515,6
316,3080,8
316,3519,10
316,3368,5
316,3271,6
316,678,2
316,3283,4
316,816,9
316,396,8
646,2654,6
646,1987,7
646,2867,2
646,1711,7
646,3486,5
646,300,1
186,2889,4
186,2159,3
186,416,3
186,2193,4
186,1569,9
186,2528,9
187,3513,6
187,1850,10
187,2289,3
187,362,8
187,536,10
188,3468,5
188,2012,9
188,2255,9
188,2054,3
188,242,7
188,2946,2
188,814,2
191,2265,5
191,3153,10
191,2424,2
191,3364,2
194,155,1
194,2396,10
194,2522,8
194,412,4
194,78,4
194,2100,5
194,3050,5
194,2597,4
194,1685,5
197,2809,7
197,2801,2
197,27,1
197,330,7
197,2056,1
200,358,9
200,259,5
200,2064,5
200,80,2
200,1779,7
200,2838,2
203,1588,3
203,491,1
203,152,10
203,313,4
203,1740,4
203,644,9
203,1996,9
203,278,10
203,3180,6
411,2033,9
411,721,6
411,2272,6
411,3398,8
411,3219,9
411,3505,6
411,3305,4
411,3467,10
411,385,4
520,263,5
520,2102,9
520,2834,1
520,1826,7
520,1852,8
520,1956,5
520,209,1
520,1928,1
520,290,9
622,3210,4
622,1731,2
622,380,5
622,3089,9
622,3279,1
622,297,3
622,2916,8
622,2181,7
758,3180,1
758,2905,6
758,2012,10
758,2556,2
206,2254,8
206,3320,7
206,12,5
206,2876,2
206,196,4
206,2838,4
206,1640,6
206,2842,9
600,1705,8
600,1588,4
600,2872,9
600,2761,4
600,570,7
600,237,3
600,2374,10
600,2876,5
76,822,9
76,652,5
76,2292,8
76,3324,2
76,3420,9
86,1783,9
86,926,10
86,3498,7
86,3482,7
209,2761,7
209,2659,10
209,2823,4
209,2375,2
209,1757,5
209,2592,4
209,2315,6
209,2227,7
209,1771,7
212,1893,4
212,2674,2
212,2186,6
212,448,3
215,2912,10
215,2733,5
215,3340,2
215,1954,1
215,3186,3
215,57,8
215,1667,6
215,2724,4
215,3167,8
218,2025,4
218,2220,5
218,2917,9
218,1148,2
218,1905,1
221,2128,1
221,3099,3
221,522,7
221,2670,1
224,702,10
224,823,1
224,3051,2
224,2519,4
224,2850,9
227,259,1
227,3086,2
227,2659,8
227,3041,7
227,412,3
227,2787,4
227,1791,1
227,2023,6
438,542,1
438,514,10
438,2524,3
438,2544,8
438,547,8
438,3464,5
438,689,10
438,139,2
456,2298,7
456,890,10
456,721,8
456,2044,5
456,1959,4
456,3373,9
456,1892,2
456,228,10
456,3473,9
510,1035,5
510,1940,3
510,474,7
510,2801,8
510,2415,5
602,2851,3
602,2524,10
602,169,7
602,602,9
602,3036,10
602,3014,9
602,601,7
602,769,5
602,3505,3
772,1933,7
772,379,9
772,3372,8
772,3001,4
772,2305,4
230,933,3
230,2513,10
230,96,8
230,3203,7
230,2110,1
230,2555,8
230,3289,7
230,72,9
230,518,7
233,444,3
233,2587,7
233,3002,3
233,2230,8
233,828,9
233,2541,10
236,3391,3
236,569,5
236,895,1
236,252,2
236,2058,8
236,2225,4
236,2094,8
236,2985,3
239,2613,10
239,2112,2
239,514,10
239,3460,4
239,3154,10
239,2616,5
242,2762,7
242,1959,2
242,3435,1
242,2863,7
242,3134,6
242,2600,5
252,3303,10
252,470,4
252,3142,7
252,2149,9
252,2353,8
252,3198,8
252,335,1
312,2144,10
312,2454,4
312,2718,9
312,3457,9
312,1907,7
312,3461,9
312,578,8
312,2548,8
312,2217,10
614,238,9
614,2579,4
614,1709,10
614,2901,10
614,1843,5
614,2081,5
614,2990,9
614,1766,9
647,40,6
647,2746,1
647,1915,10
647,2436,8
647,2871,5
647,2216,10
647,1674,4
739,2955,1
739,2808,4
739,516,9
739,2465,4
739,2057,1
739,66,7
739,2991,1
1,2691,1
1,2736,5
1,3465,5
1,99,9
1,415,7
1,306,9
1,2465,1
9,3372,6
9,2558,3
9,3070,8
9,1843,8
9,607,2
243,2054,8
243,2345,7
243,2199,1
243,387,9
243,3268,7
243,1526,3
243,2095,5
243,2469,6
245,2165,5
245,894,6
245,2349,8
245,1964,3
245,2506,10
245,2174,5
245,2708,2
245,944,10
251,270,6
251,2097,8
251,2184,7
251,3339,1
251,1759,7
251,2745,1
251,2876,6
251,495,2
251,557,9
254,693,9
254,3248,7
254,413,8
254,3478,8
254,1759,1
257,3035,1
257,3293,8
257,480,4
257,300,6
258,1862,3
258,24,4
258,230,5
258,2476,3
258,672,7
258,2899,9
258,2569,9
258,2095,7
260,3256,1
260,153,9
260,1706,4
260,2203,7
260,2548,6
260,3461,7
260,815,2
260,1893,10
260,3111,5
263,2412,8
263,289,4
263,3027,2
263,98,10
263,1928,3
263,3400,9
263,3103,7
266,2877,3
266,82,3
266,3512,5
266,2582,7
266,2734,5
266,85,10
266,2336,3
266,2689,3
306,2084,9
306,2246,6
306,2296,8
306,2003,3
306,2223,1
536,2815,10
536,284,3
536,179,1
536,3196,5
536,2209,9
536,285,10
536,924,5
536,2276,10
536,3125,7
577,1540,3
577,223,3
577,2305,8
577,2024,3
577,1863,10
577,216,4
577,104,3
655,2796,4
655,2388,5
655,3487,9
655,1934,4
655,3516,10
655,2984,2
655,3430,1
734,532,2
734,3466,5
734,345,4
734,457,2
734,2409,7
734,2126,5
734,3137,7
734,3087,3
734,2116,4
37,2449,1
37,495,2
37,3203,8
37,2777,6
37,1929,9
159,458,3
159,1761,8
159,3031,4
159,2204,8
269,468,8
269,1883,2
269,2641,1
269,3471,7
269,3469,3
269,1943,8
269,2173,7
272,2347,6
272,3242,6
272,1942,5
272,296,1
272,128,6
462,2021,2
462,3150,9
462,2393,7
462,55,9
462,2932,4
462,3351,8
15,2798,5
15,2512,2
15,2677,6
15,32,9
15,817,4
15,2371,5
15,1823,3
15,2493,3
275,3322,4
275,2340,9
275,3226,6
275,1887,1
275,1762,10
275,1791,5
275,1753,7
275,1718,6
278,232,5
278,2530,6
278,2595,6
278,75,2
278,3475,5
278,2760,1
278,3209,1
278,1609,10
281,596,7
281,796,6
281,186,10
281,2886,3
281,3311,9
281,2104,1
281,559,4
282,3123,9
282,3359,1
282,2839,8
282,1883,5
282,1703,1
282,409,6
282,3018,8
405,2578,3
405,2961,2
405,3287,9
405,2539,9
463,2545,4
463,2103,2
463,2380,5
463,1733,8
463,3334,6
3,3100,9
3,81,3
3,1858,2
3,3120,9
3,1674,9
3,2888,4
3,373,5
36,3061,9
36,3217,10
36,557,1
36,2048,5
36,2712,5
36,1952,8
36,3060,2
46,3156,7
46,2018,1
46,2111,8
46,1872,1
59,463,7
59,3474,8
59,623,8
59,2999,3
59,2689,6
59,730,2
59,2098,9
91,370,1
91,2471,9
91,653,1
91,585,7
91,885,3
91,2484,7
91,607,2
91,473,8
91,2367,6
120,1729,6
120,1825,4
120,2567,9
120,400,1
120,3254,10
120,457,7
120,83,2
284,470,2
284,413,4
284,2711,7
284,1811,1
287,2331,5
287,585,1
287,2863,10
287,59,9
287,2625,8
287,649,8
290,716,6
290,65,10
290,2185,3
290,315,4
290,1944,2
290,1708,5
293,839,6
293,2726,3
293,2160,3
293,2408,1
293,2715,8
293,3304,8
296,2063,2
296,775,7
296,1771,7
296,1992,7
296,2929,8
296,3151,2
299,1834,1
299,3,4
299,1991,1
299,3419,5
299,2491,5
299,2468,10
299,234,8
299,1543,3
302,775,8
302,1759,9
302,3313,5
302,2338,7
302,3,6
302,2759,7
302,2893,4
302,1901,5
305,3031,4
305,3169,9
305,224,2
305,583,8
305,2782,5
308,895,6
308,3231,9
308,2717,9
308,2638,2
308,3137,9
308,2129,1
308,301,7
475,2251,4
475,2763,3
475,2495,3
475,2765,5
475,2834,3
475,419,9
475,926,6
484,3171,7
484,2048,10
484,2422,7
484,2503,6
484,2430,5
484,2076,7
484,2065,1
484,2719,5
528,2246,5
528,2906,5
528,153,2
528,3357,2
528,462,6
528,3100,8
528,435,3
723,2613,1
723,227,7
723,2391,1
723,780,1
723,3236,1
723,2704,4
723,2778,4
723,1982,5
723,278,2
730,98,8
730,2695,4
730,2978,3
730,2923,9
21,1422,2
21,62,9
21,2947,8
21,610,2
21,432,4
21,3324,7
160,383,3
160,3357,5
160,2341,3
160,2396,1
184,3241,9
184,3017,6
184,1860,6
184,317,5
184,814,3
184,3082,8
273,392,2
273,2394,10
273,1848,9
273,346,8
273,1919,8
273,2476,3
273,2184,9
273,1824,4
273,2680,3
311,1858,4
311,2202,9
311,944,4
311,1859,4
311,2488,7
311,2327,10
311,43,1
311,259,10
314,3149,4
314,2496,7
314,1853,4
314,2306,3
314,2182,8
314,2190,9
314,2653,3
314,1773,8
317,3226,3
317,2033,4
317,2017,6
317,554,5
317,2655,6
320,2491,10
320,414,4
320,2316,6
320,3001,7
320,2523,1
320,2028,1
320,1667,6
320,1899,7
320,3202,8
323,2475,7
323,1781,3
323,2151,7
323,2008,8
323,1776,7
326,143,1
326,694,4
326,49,5
326,2388,7
326,1773,6
329,2050,10
329,946,5
329,3349,5
329,3085,5
329,758,7
329,2442,5
329,768,2
329,3277,9
332,2166,5
332,495,4
332,751,10
332,3024,5
332,550,1
423,2035,3
423,2930,5
423,2903,5
423,1771,9
423,2582,9
423,303,2
423,3065,7
427,2809,5
427,364,5
427,2358,3
427,435,3
503,3000,5
503,2871,5
503,139,6
503,2904,5
503,2152,1
546,2359,4
546,3288,10
546,1971,8
546,587,7
546,3101,7
546,1963,10
546,163,2
546,561,9
597,3094,3
597,1884,5
597,1864,10
597,2327,10
778,373,9
778,2597,7
778,640,9
778,2415,4
778,2040,2
778,2585,4
778,493,3
6,3374,6
6,3124,8
6,369,4
6,2280,4
6,2167,5
65,3406,9
65,3402,1
65,3305,8
65,2831,5
65,332,4
65,3039,7
65,3312,8
65,2705,7
73,581,5
73,642,7
73,3490,2
73,3468,6
73,2381,3
73,2021,10
73,2155,2
177,2811,4
177,3136,5
177,1510,3
177,118,6
222,809,8
222,1691,6
222,3293,8
222,1826,4
222,3120,9
222,1935,3
297,2377,9
297,239,7
297,3451,8
297,3164,7
297,763,6
297,282,7
297,1422,10
297,492,8
297,3494,8
335,3424,4
335,2722,6
335,3062,2
335,1897,5
335,1436,4
335,1984,5
335,3011,8
335,2126,3
338,2921,5
338,2040,2
338,84,1
338,141,9
338,2165,7
338,503,3
338,2201,6
338,3057,7
341,2606,4
341,2659,8
341,2731,5
341,2173,2
344,2270,4
344,582,1
344,2697,9
344,2646,7
344,1921,2
344,2229,2
344,30,8
344,3477,7
344,1884,9
347,878,9
347,99,10
347,2781,2
347,1845,9
347,383,4
347,3344,6
347,339,10
350,2166,9
350,2984,7
350,1843,7
350,2247,3
350,606,6
350,3360,3
350,873,5
350,1870,10
350,2742,7
353,46,4
353,1703,7
353,2010,2
353,3264,4
353,2612,8
353,1865,7
353,2233,8
353,310,4
353,804,3
356,267,9
356,272,1
356,2740,3
356,698,5
356,554,1
356,1736,2
356,2032,7
488,2881,4
488,646,9
488,839,4
488,3411,10
488,3040,7
488,2265,3
488,3454,10
508,642,6
508,1851,2
508,357,8
508,3219,7
616,2237,10
616,1925,9
616,3395,2
616,2789,5
616,1927,2
616,255,6
42,2459,9
42,3267,2
42,2033,8
42,1828,2
42,3322,5
42,23,8
42,960,10
42,927,9
100,128,8
100,2553,8
100,2527,9
100,3017,6
100,2347,4
100,816,3
163,758,1
163,440,6
163,3106,4
163,1704,5
359,942,1
359,2127,2
359,2325,5
359,1862,3
359,3461,9
359,3143,8
359,2857,4
359,3182,9
359,2302,8
362,249,10
362,1774,5
362,3146,8
362,2052,7
362,98,9
365,2076,1
365,2159,5
365,1260,3
365,2476,7
365,1926,9
368,2565,4
368,1968,4
368,498,9
368,185,8
368,2468,6
368,560,1
368,1766,6
509,135,6
509,3410,4
509,1826,8
509,3241,5
521,1872,4
521,2889,1
521,238,2
521,2583,1
521,3015,5
521,318,4
521,884,6
521,444,8
521,2840,9
47,2073,7
47,343,1
47,3413,9
47,2388,9
47,43,7
47,2790,4
47,2213,7
47,385,1
47,149,6
270,3101,3
270,129,6
270,2532,3
270,2721,5
270,3111,2
270,516,3
270,3001,2
270,2176,6
270,1889,4
354,104,7
354,1493,2
354,2559,10
354,721,2
354,3029,4
354,2511,5
354,18,10
354,273,2
354,2329,3
371,242,7
371,229,2
371,1354,7
371,10,6
371,2813,6
374,1855,7
374,59,10
374,924,10
374,387,6
374,1777,3
374,2964,6
374,2113,3
374,2143,5
377,317,5
377,137,8
377,85,8
377,3209,8
377,2334,7
377,601,9
377,759,4
380,2456,3
380,26,4
380,2683,4
380,2421,2
383,3355,3
383,65,4
383,3423,6
383,550,2
383,533,9
383,882,10
383,692,3
383,2093,1
383,2192,7
386,2549,1
386,555,5
386,3308,1
386,2501,10
386,3496,7
386,1575,8
386,3090,2
430,3076,10
430,769,6
430,2155,2
430,2207,1
430,2829,10
526,2174,4
526,281,10
526,775,6
526,598,6
526,1877,9
642,3139,3
642,3205,4
642,1705,10
642,2634,4
55,2345,2
55,3508,9
55,177,7
55,691,4
55,732,4
55,3269,9
55,3231,3
56,3030,7
56,76,6
56,3093,6
56,2817,10
56,2493,4
56,2657,3
56,2890,5
75,1942,7
75,2271,4
75,99,2
75,2759,6
75,2730,10
75,3467,8
75,665,3
118,1863,8
118,153,10
118,3344,3
118,3275,10
118,2789,4
118,933,10
307,3404,6
307,343,7
307,1850,9
307,780,4
307,2184,3
307,144,8
339,6,7
339,2841,3
339,3026,7
339,1961,10
339,3062,2
339,2039,1
339,1746,4
339,584,10
372,2644,2
372,2979,3
372,366,9
372,3165,4
372,769,7
372,3158,4
372,2470,5
372,2205,2
389,3308,6
389,2561,5
389,2972,5
389,2103,3
389,2770,5
389,30,4
392,396,2
392,558,3
392,665,1
392,1906,8
392,552,6
392,3240,3
395,2525,2
395,1710,9
395,3045,7
395,19,7
395,3293,8
395,759,1
395,2653,8
398,2751,7
398,3348,9
398,3490,6
398,1809,5
398,2184,8
398,109,7
398,433,5
401,2616,1
401,2749,9
401,739,6
401,101,1
401,2263,1
401,2898,10
401,2415,6
401,2272,1
404,2910,6
404,2345,9
404,1941,1
404,2767,8
404,1980,3
407,3366,9
407,3218,3
407,2434,8
407,2392,6
410,2465,10
410,1978,5
410,410,1
410,2260,4
410,1921,8
410,2656,6
413,3471,10
413,2387,10
413,2459,8
413,391,2
413,3360,1
413,325,8
413,154,2
413,3405,10
416,2833,2
416,1964,8
416,1880,5
416,345,2
416,131,8
416,2161,5
416,2581,10
416,1999,2
419,2151,7
419,2265,8
419,1819,1
419,346,10
419,3047,8
419,3063,6
419,184,8
483,281,4
483,1668,10
483,3273,10
483,450,5
516,3090,8
516,3008,1
516,298,7
516,2893,1
516,736,8
516,2888,8
516,576,4
516,1892,8
516,2629,8
530,3019,1
530,2605,1
530,2238,3
530,230,4
530,3429,5
530,1762,10
530,2505,6
530,1844,3
563,2647,5
563,2051,2
563,2436,5
563,3128,6
563,3168,8
563,2608,5
615,3126,1
615,237,5
615,1539,1
615,3348,10
615,2235,6
615,2972,10
422,2202,4
422,3213,8
422,3002,3
422,1809,3
422,829,10
422,577,6
422,3462,5
425,2066,6
425,2043,6
425,617,6
425,3119,5
425,2050,1
425,1682,7
425,3384,7
425,3180,10
425,12,5
428,2865,4
428,3338,8
428,943,4
428,2697,9
428,2990,7
428,1668,8
428,2881,10
428,350,5
628,2392,7
628,3055,7
628,2364,6
628,2442,8
628,2320,2
628,1922,5
635,815,1
635,2192,8
635,2877,4
635,2841,3
635,3451,2
635,3193,1
783,367,9
783,431,6
783,2102,4
783,3066,5
135,2708,5
135,558,9
135,347,4
135,3358,5
135,2589,3
135,2611,9
135,3226,2
135,2695,6
135,130,6
431,1925,2
431,1677,6
431,3290,3
431,2780,1
431,668,8
431,268,7
431,2935,5
432,2007,10
432,1782,3
432,131,6
432,421,9
432,699,2
432,13,6
432,49,10
432,1502,10
434,2335,3
434,436,9
434,2006,7
434,3112,8
434,2511,1
434,2725,7
437,1832,10
437,960,5
437,2159,1
437,1948,4
437,2013,3
437,2011,3
440,3132,2
440,3162,2
440,253,7
440,3353,1
440,2744,5
440,1812,3
440,3256,4
440,1422,2
443,2394,5
443,2988,10
443,306,9
443,3501,7
443,2464,5
443,1999,9
443,2972,4
443,2776,9
486,3378,2
486,519,3
486,2151,1
486,229,7
486,1148,3
486,2935,1
486,2733,6
486,52,4
707,2610,5
707,2258,7
707,294,10
707,3131,3
707,687,3
707,1866,3
707,2758,1
707,2070,10
707,2671,8
787,2118,5
787,3220,3
787,208,1
787,1817,1
787,838,3
787,3451,6
787,3412,8
787,1811,9
62,965,5
62,3194,3
62,104,2
62,2071,7
62,2315,7
62,398,9
62,1859,7
444,2679,4
444,2492,10
444,154,1
444,3499,5
444,1948,6
444,1744,2
444,3338,10
444,2449,5
444,580,2
446,186,10
446,3095,6
446,2736,2
446,92,7
446,581,1
449,2,3
449,2947,8
449,2008,4
449,2509,3
449,2317,3
511,2114,8
511,2535,7
511,2902,3
511,179,6
511,3498,7
511,2641,2
511,2512,1
598,2736,6
598,331,1
598,3063,8
598,2820,2
598,3254,9
598,3515,2
598,2861,3
651,2368,1
651,2085,9
651,428,3
651,209,6
63,3427,9
63,938,1
63,1692,3
63,11,8
63,1849,8
63,129,2
63,2366,9
63,89,8
478,136,8
478,390,8
478,1795,10
478,2205,10
478,2415,10
478,433,8
478,67,5
478,2055,1
478,3491,5
601,2961,6
601,519,10
601,2194,9
601,3149,9
601,1729,8
601,306,7
601,441,9
33,2899,1
33,2986,1
33,2161,7
33,2502,1
33,2278,6
33,2982,3
33,1912,8
74,1632,6
74,2811,7
74,2995,9
74,2061,5
74,93,2
74,590,8
74,1361,1
92,2260,4
92,1819,9
92,49,3
92,3246,10
137,436,2
137,2113,5
137,63,6
137,2469,8
137,1983,6
137,64,6
137,602,1
137,1953,8
137,3379,6
156,2059,10
156,606,6
156,3462,3
156,3518,9
156,3182,6
156,2533,10
156,608,5
156,2071,7
549,481,2
549,3140,1
549,3168,2
549,400,6
578,2157,6
578,3375,9
578,2582,8
578,577,7
578,2936,5
578,3200,1
417,882,4
417,298,2
417,411,9
417,3242,5
417,332,1
417,3018,6
445,3108,4
445,2540,5
445,2218,1
445,1897,9
467,1898,2
467,419,4
467,502,6
467,488,9
738,3281,7
738,1795,3
738,1664,10
738,3414,8
49,2393,5
49,1858,2
49,2177,7
49,763,3
49,79,2
49,1970,6
49,157,9
238,55,5
238,2769,6
238,522,10
238,3475,6
238,3073,6
238,3226,6
238,2392,8
594,3077,6
594,2009,10
594,2416,4
594,2431,10
594,254,10
594,3037,8
608,3512,1
608,3118,1
608,421,2
608,2451,6
608,54,8
608,2512,3
608,2860,9
81,2430,9
81,1584,6
81,1662,3
81,2522,9
81,475,2
771,597,8
771,672,10
771,2753,8
771,3323,3
771,3141,6
771,2155,2
771,2367,6
771,1690,10
771,2171,10
158,2422,8
158,2587,6
158,685,6
158,1984,1
158,2842,5
158,3453,9
158,3361,1
587,1734,6
587,2860,5
587,175,10
587,1936,6
587,2909,9
653,2152,5
653,1935,8
653,1810,10
653,2021,6
22,1740,9
22,447,2
22,3199,3
22,1828,6
220,2372,7
220,2285,6
220,554,10
220,1961,8
234,3498,9
234,3362,10
234,782,4
234,1836,4
241,1849,3
241,2154,8
241,2157,3
241,3484,9
241,2604,2
241,194,6
241,3071,3
241,3090,5
241,2651,2
593,2607,9
593,1682,9
593,94,10
593,3373,5
593,1923,1
196,186,5
196,1668,4
196,3150,6
196,3351,6
196,3368,9
196,431,6
196,888,4
196,343,7
300,3254,7
300,3082,1
300,2312,10
300,2278,5
300,270,8
300,2950,2
300,2996,8
300,2653,10
396,1691,1
396,2911,8
396,3412,9
396,1034,3
396,434,5
396,3108,5
396,473,3
396,3283,9
396,1689,5
447,3522,9
447,1929,1
447,3136,1
447,581,7
447,1795,10
447,2372,7
447,2164,7
447,123,1
447,2083,9
495,2967,7
495,2113,4
495,3262,9
495,3122,9
495,3078,7
495,1652,1
495,2911,7
495,2678,3
629,3123,10
629,2725,8
629,472,9
629,3081,1
629,2504,4
748,2329,6
748,1810,8
748,2892,5
748,302,8
769,2703,2
769,430,3
769,3521,5
769,2622,3
769,506,10
769,548,2
769,2223,8
769,2950,10
51,1894,2
51,2250,9
51,2246,4
51,2812,6
51,3340,8
51,182,6
51,3300,7
111,3197,7
111,1933,8
111,3356,4
111,519,10
202,2358,4
202,2395,9
202,1779,1
202,3011,6
202,2977,5
202,3109,9
657,1820,5
657,104,1
657,1926,6
657,592,9
112,2640,3
112,567,1
112,560,2
112,82,9
112,225,3
112,3223,4
112,1716,7
112,34,7
112,1926,4
151,565,7
151,177,1
151,76,1
151,3061,10
151,1737,7
151,445,6
151,2253,2
151,687,7
757,494,1
757,892,3
757,196,7
757,2634,7
757,157,9
757,3259,10
757,3451,5
139,2185,1
139,3338,8
139,2025,7
139,2156,8
139,346,5
139,960,4
139,2167,7
139,3239,7
261,1781,8
261,2264,7
261,1695,2
261,570,6
261,1510,6
261,3519,3
261,3086,6
261,3170,3
265,126,2
265,3335,7
265,2829,4
265,209,2
265,2510,7
336,105,3
336,2181,5
336,3442,2
336,1680,2
336,3062,10
336,2521,10
355,186,9
355,2541,1
355,1858,2
355,2338,9
355,1916,2
355,891,6
355,1783,7
355,3285,3
542,3000,10
542,365,6
542,3106,8
542,2767,9
542,601,7
542,1958,6
542,3181,2
542,2817,1
613,2197,7
613,2999,8
613,1825,6
613,40,7
613,3483,3
613,2196,8
613,1879,9
683,1762,6
683,1777,4
683,2832,5
683,2064,2
683,123,5
683,1736,10
683,3320,6
683,616,10
683,3255,1
30,3489,10
30,2209,8
30,2322,4
30,2774,8
30,2746,9
30,938,6
30,151,1
30,3199,4
244,3275,6
244,219,3
244,1697,6
244,3267,1
244,2486,2
244,3368,10
244,1632,6
244,3314,8
406,3186,7
406,2357,7
406,3008,3
406,1850,6
406,3198,7
406,2508,3
406,2307,4
406,3338,3
408,3168,7
408,2017,6
408,139,9
408,671,6
408,754,4
408,3146,4
793,2790,6
793,3106,9
793,3359,8
793,2838,1
793,2108,1
793,211,7
793,286,7
798,1837,9
798,111,1
798,2771,2
798,2284,8
798,769,2
798,232,6
798,2994,9
13,175,3
13,3268,7
13,483,4
13,2317,3
13,804,6
13,2697,5
13,1858,1
17,3208,10
17,511,8
17,1736,8
17,3406,9
17,2321,5
45,309,1
45,2288,9
45,1783,10
45,3512,5
45,2879,6
45,179,6
192,2117,4
192,260,8
192,3514,3
192,30,4
192,2268,8
192,2827,8
346,1677,6
346,3247,2
346,1628,10
346,2434,7
346,2318,6
346,2274,7
346,2581,6
346,2763,10
384,2492,2
384,2914,2
384,1919,3
384,1936,1
384,797,10
384,182,5
384,2593,5
384,2303,3
460,2030,4
460,2264,1
460,2643,9
460,2894,1
460,410,1
460,1757,9
460,3282,2
460,650,7
460,681,2
5,1912,4
5,1935,9
5,1611,9
5,2644,4
5,2515,8
5,3402,5
5,101,10
5,2502,7
5,2990,2
54,1973,5
54,105,3
54,1807,1
54,2231,5
54,2127,7
54,1189,6
54,1892,6
54,354,9
165,699,1
165,325,2
165,3017,1
165,1892,10
165,3504,2
387,3328,8
387,291,9
387,478,5
387,3351,1
387,356,8
761,57,2
761,2487,10
761,1508,5
761,2106,5
763,3091,5
763,2219,2
763,668,3
763,2636,6
262,3448,2
262,580,2
262,287,2
262,2266,6
262,2656,5
262,2388,1
397,257,2
397,3104,4
397,841,5
397,2020,10
397,2119,6
397,2345,1
397,730,3
397,560,5
397,358,4
681,75,1
681,3061,8
681,819,1
681,371,3
681,478,5
749,2863,2
749,2432,5
749,226,3
749,3026,2
321,3523,10
321,3140,5
321,2197,5
321,1896,8
321,2704,2
321,2179,4
381,3082,7
381,218,5
381,537,7
381,143,8
727,292,9
727,84,10
727,3119,2
727,542,6
727,3203,3
27,2008,8
27,510,9
27,3039,2
27,1980,3
27,2145,3
79,504,3
79,3061,5
79,3421,4
79,233,10
79,534,4
79,1970,1
175,40,5
175,790,1
175,2289,1
175,90,3
286,561,9
286,943,2
286,2022,2
286,2589,4
286,2637,8
286,1902,8
512,1774,4
512,2750,9
512,2847,5
512,162,6
555,2533,3
555,1695,8
555,1747,7
555,458,1
555,2860,4
94,255,7
94,2318,7
94,3511,7
94,7,5
94,1752,8
94,1904,7
94,2431,9
147,2046,8
147,71,3
147,3336,2
147,3103,3
147,77,1
147,1763,3
147,678,5
147,3422,9
249,1996,8
249,90,6
249,3320,5
249,191,3
249,1863,8
295,1900,3
295,486,4
295,2146,6
295,223,10
295,3392,10
295,3029,1
295,755,3
295,2085,8
295,182,6
394,3428,7
394,761,6
394,2237,10
394,2533,4
394,1725,4
638,2556,9
638,3335,4
638,1899,3
638,2094,10
638,419,3
638,3221,8
638,543,1
638,775,8
737,481,8
737,2854,10
737,2688,4
737,296,1
737,3261,7
737,466,7
737,397,3
737,1980,7
14,2358,6
14,3391,9
14,2159,2
14,2780,6
14,2474,9
14,529,9
105,2003,6
105,2625,9
105,2552,3
105,406,2
105,3190,6
333,1782,8
333,2745,2
333,2798,3
333,2458,5
333,3486,10
333,2852,5
333,2201,7
333,2418,4
333,2765,10
369,2839,2
369,1954,10
369,2731,2
369,206,6
369,386,3
369,136,8
369,3166,9
385,574,9
385,2627,3
385,2328,8
385,2291,3
649,1655,1
649,2719,4
649,2184,2
649,3031,4
677,3259,9
677,2182,6
677,252,8
677,2956,2
677,295,1
784,2823,8
784,456,2
784,1584,1
784,2326,10
784,2997,8
784,2056,5
784,497,6
784,641,10
38,767,3
38,2239,6
38,2738,10
38,2678,10
38,2009,1
84,2884,7
84,309,2
84,3515,7
84,66,3
84,2526,5
84,2990,3
153,2271,10
153,3049,6
153,3060,3
153,3092,7
153,3243,6
153,2888,8
157,2523,2
157,2363,10
157,2243,4
157,1528,1
157,3042,4
157,1672,7
557,7,6
557,3446,8
557,2094,4
557,3076,4
557,3354,4
557,1965,7
557,1485,4
557,2605,7
604,416,3
604,3297,5
604,759,7
604,1837,7
604,2385,6
439,941,6
439,2340,9
439,1733,9
439,3416,7
439,2322,9
439,3509,2
439,137,8
439,276,1
439,2034,5
493,2624,5
493,1960,2
493,361,8
493,2364,6
493,3026,1
493,3265,9
493,689,7
493,2588,4
493,2177,6
606,880,5
606,2784,5
606,466,9
606,2094,3
606,153,6
606,1679,4
20,2844,6
20,903,8
20,3093,6
20,387,1
20,287,1
20,1900,2
376,2829,7
376,3374,4
376,3085,5
376,2986,7
376,3354,6
617,3175,5
617,276,3
617,2441,6
617,2375,6
617,2339,5
617,2588,4
216,2952,6
216,2410,9
216,48,4
216,3319,1
216,3346,6
216,601,8
477,3177,1
477,1821,5
477,519,1
477,305,9
477,3000,2
477,1817,8
775,313,4
775,2889,10
775,2498,10
775,270,4
775,2925,2
32,6,5
32,2439,1
32,781,8
32,362,10
32,2972,1
32,2672,3
32,3400,3
232,877,7
232,2066,4
232,3141,9
232,3185,1
232,2721,2
232,2378,4
232,738,9
232,160,4
480,1701,3
480,668,7
480,2106,2
480,1781,9
480,313,6
480,2520,9
480,3406,8
487,3181,3
487,2333,5
487,2567,8
487,3014,4
487,1799,9
767,2151,9
767,758,6
767,358,5
767,2022,4
2,2,6
2,1658,8
2,1699,6
2,838,3
2,831,4
2,1979,2
2,619,2
2,64,4
2,212,4
279,2734,1
279,2324,6
279,3087,1
279,2565,8
279,1689,4
279,2129,7
279,2251,10
618,1854,7
618,2102,9
618,227,8
618,2661,4
618,1668,3
618,52,10
618,2891,7
52,3335,8
52,1781,10
52,2531,7
52,2554,5
72,508,8
72,2338,9
72,1569,7
72,175,6
180,2778,8
180,2370,4
180,2583,6
180,2377,1
180,2376,10
180,410,9
180,444,4
409,365,7
409,2883,7
409,662,2
409,730,6
409,1022,5
409,2108,2
409,2939,5
409,1645,5
409,513,5
609,431,4
609,1768,3
609,1274,1
609,3263,5
609,3494,8
609,1775,5
609,2544,6
609,1664,8
609,2666,2
60,289,4
60,885,9
60,2185,3
60,365,1
60,964,3
469,3506,8
469,3264,1
469,2860,5
469,320,3
28,422,4
28,3408,3
28,8,8
28,1827,10
28,3474,4
96,2777,10
96,2448,5
96,2309,7
96,503,3
96,2369,5
96,1905,6
96,3484,9
96,1927,7
103,1615,4
103,554,10
103,2050,6
103,2,8
103,3386,6
103,1361,8
103,3476,2
103,3451,7
103,758,4
104,3434,3
104,2888,1
104,3043,1
104,2081,9
104,271,6
104,46,7
378,2059,9
378,3196,4
378,2277,3
378,2889,4
378,2348,4
378,2518,7
378,2031,4
378,2003,6
378,62,5
481,2391,7
481,2620,1
481,895,9
481,8,7
481,498,5
481,2520,3
481,2429,5
481,3212,2
481,2948,4
522,380,2
522,559,1
522,648,6
522,1772,10
776,3310,1
776,3326,6
776,186,1
776,2974,6
776,3503,4
776,3034,7
141,828,8
141,1665,9
141,2758,4
141,1148,9
141,2353,3
141,3481,10
141,398,10
141,532,3
141,65,7
267,2826,3
267,3464,6
267,2915,3
267,2164,1
280,1656,1
280,429,4
280,255,7
280,340,9
280,2854,3
280,2796,1
280,117,4
280,653,7
382,2617,2
382,1655,5
382,99,10
382,3475,3
382,139,3
382,381,4
382,1651,7
382,2795,1
544,1882,1
544,1905,5
544,3112,7
544,780,3
544,163,10
544,2929,5
544,1820,9
544,2177,5
559,3351,7
559,125,9
559,3472,10
559,1847,1
624,724,8
624,2595,8
624,1682,6
624,2387,9
624,1723,3
624,2025,8
624,3010,9
762,176,2
762,134,4
762,2146,7
762,289,4
762,138,8
762,2039,3
762,2334,2
762,2586,1
29,2823,3
29,2479,5
29,838,2
29,2927,8
29,3019,7
117,1992,8
117,2074,7
117,2856,1
117,3066,3
117,3255,9
117,2521,5
117,2663,5
155,3002,2
155,2936,5
155,2694,3
155,2918,5
80,1900,7
80,2816,3
80,137,2
80,3512,2
499,331,3
499,432,9
499,2971,5
499,1724,10
499,1901,8
499,1661,2
499,2686,5
499,1520,7
773,2041,4
773,2557,3
773,2653,10
773,672,8
773,1858,4
773,1959,1
268,2979,4
268,548,6
268,965,10
268,3064,5
268,3124,9
271,375,2
271,3446,9
271,692,10
271,466,3
271,59,2
288,537,7
288,475,9
288,2218,4
288,3511,9
403,558,1
403,2254,9
403,3056,8
403,2477,1
403,1734,6
679,31,8
679,3278,9
679,2184,8
679,647,3
679,891,10
679,795,8
679,3400,10
679,1970,8
679,480,8
755,3224,3
755,2872,7
755,2974,8
755,554,5
755,938,5
755,1083,3
766,2765,10
766,2071,3
766,3271,6
766,766,7
766,3032,2
766,331,2
766,2053,7
142,2793,8
142,2523,6
142,2754,9
142,2244,4
142,3278,10
142,2318,2
142,2521,1
142,3163,9
142,571,10
330,681,2
330,3232,6
330,2234,7
330,3394,6
720,2192,10
720,692,4
720,2298,4
720,567,10
720,3447,7
720,425,9
720,3124,7
720,2919,4
70,1938,1
70,278,1
70,2379,7
70,112,5
70,823,4
538,500,2
538,1828,2
538,173,10
538,2679,3
538,2044,1
538,335,7
538,2323,8
538,1653,6
538,3292,2
556,2867,10
556,273,9
556,2603,2
556,2400,5
556,2429,10
556,1665,7
556,2637,5
556,3287,10
556,51,5
695,3073,10
695,469,2
695,3308,4
695,543,5
695,41,4
695,2663,6
695,768,5
695,3359,2
695,1920,2
774,2261,8
774,2860,5
774,3315,9
774,2613,3
774,2083,4
774,1974,10
774,2474,4
53,3147,9
53,305,8
53,2691,3
53,2625,10
53,3240,7
53,3199,7
53,327,9
53,140,2
53,2635,2
136,2112,4
136,3259,7
136,532,6
136,268,3
136,3224,8
136,561,1
363,738,5
363,2755,1
363,3375,7
363,1352,4
363,370,7
363,1035,9
501,2492,5
501,3452,9
501,2601,3
501,2293,5
501,2184,2
501,2296,9
501,131,3
540,3447,1
540,620,4
540,2915,3
540,1757,1
592,494,8
592,888,6
592,759,3
592,463,3
592,2071,4
603,74,4
603,2222,2
603,2328,5
603,2978,5
603,312,5
603,2926,4
167,3239,8
167,1668,7
167,3297,2
167,2941,8
167,3182,5
167,1417,4
167,245,6
167,2445,6
167,3346,9
289,2722,7
289,1682,7
289,2658,7
289,2666,10
289,1982,4
289,382,2
289,2008,9
289,3498,5
289,74,4
550,2619,5
550,2289,6
550,1651,1
550,3463,1
550,2556,7
550,2860,9
550,3417,5
558,399,6
558,2804,6
558,91,4
558,2614,4
558,610,6
584,3275,3
584,2411,8
584,2264,8
584,2225,3
584,412,4
66,3357,9
66,2788,10
66,3101,6
66,2920,2
95,2760,8
95,3478,4
95,2128,9
95,2216,1
95,2506,3
95,411,2
95,2176,4
95,58,4
661,3020,5
661,2806,8
661,413,4
661,2044,5
667,1691,7
667,2061,4
667,249,4
667,29,10
667,3010,10
667,2363,6
667,3214,3
667,1808,3
667,447,6
78,2584,5
78,274,3
78,3012,8
78,2629,4
78,2371,2
78,3156,1
78,2526,1
152,390,7
152,2409,8
152,2641,7
152,3147,9
152,776,10
152,2153,3
517,3031,2
517,2846,1
517,3468,8
517,2437,1
517,2473,4
517,829,6
561,607,4
561,237,2
561,621,5
561,2146,7
561,2261,7
561,541,4
561,3161,9
561,2021,2
585,211,10
585,2705,2
585,1805,3
585,160,1
585,595,1
585,2387,10
585,2330,10
116,2777,9
116,823,6
116,2386,6
116,1817,10
116,2624,1
90,196,5
90,36,3
90,763,9
90,382,1
90,2556,1
90,2899,8
90,691,4
90,1752,4
90,2996,7
149,2483,6
149,401,9
149,3124,6
149,944,9
149,2320,7
149,190,3
149,1977,8
164,1903,3
164,58,10
164,2542,8
164,3203,3
164,891,5
164,2475,9
164,2115,3
518,105,1
518,2056,4
518,2773,3
518,2027,2
518,768,5
518,2082,7
259,3388,7
259,2261,1
259,581,5
259,2013,8
259,2404,2
259,323,9
747,2854,2
747,602,10
747,2575,10
747,1908,6
747,3199,3
747,2510,4
23,763,5
23,2054,8
23,3049,2
23,2757,5
23,2048,8
171,1909,3
171,2245,9
171,2359,7
171,2000,4
171,2837,3
171,1735,4
204,107,2
204,3010,7
204,1815,5
204,92,2
204,3039,2
204,3401,1
448,3491,8
448,1729,7
448,2504,5
448,3156,6
448,3488,7
448,173,5
448,155,1
687,852,8
687,2207,6
687,2855,6
687,111,8
687,3411,3
687,353,8
298,2152,3
298,1812,6
298,1901,10
298,2953,8
83,2351,3
83,2654,2
83,2199,2
83,2074,2
83,3076,3
352,3087,7
352,2732,6
352,945,6
352,3274,1
352,1884,9
352,2423,6
352,2627,10
352,3132,9
451,839,1
451,2470,5
451,2598,9
451,3134,3
451,2038,10
451,3367,2
541,2647,6
541,3300,1
541,2186,5
541,1818,7
541,1897,2
541,305,10
541,2168,2
553,3311,5
553,517,6
553,2081,7
553,2374,8
553,2670,7
553,157,2
553,1963,1
553,228,1
565,3194,6
565,234,9
565,495,1
565,3037,4
582,2589,4
582,2861,7
582,2675,10
582,271,4
582,3471,10
582,110,3
590,2102,4
590,2628,2
590,2304,9
590,456,6
590,2055,6
752,1578,7
752,1743,4
752,2002,8
752,2745,4
752,2465,9
752,728,7
752,2219,2
98,483,2
98,2490,9
98,2056,7
98,3453,5
98,2959,4
98,2716,2
98,169,2
98,2020,2
121,337,5
121,2639,10
121,1688,10
121,2971,5
121,2720,9
121,2051,6
121,2948,3
121,705,7
121,2804,7
170,608,9
170,316,9
170,2484,7
170,271,6
170,2558,5
170,576,9
170,2249,2
170,1998,5
309,3200,2
309,452,10
309,270,7
309,2892,9
309,582,7
309,1934,2
309,2733,6
309,1660,5
309,819,5
532,2626,5
532,2820,1
532,3098,4
532,2585,1
532,559,2
610,1719,3
610,2409,10
610,2175,6
610,2287,8
610,792,9
659,1688,7
659,1732,8
659,2208,6
659,2106,5
659,3085,9
659,513,8
659,3262,5
724,3320,9
724,2619,1
724,2653,8
724,3049,6
724,1853,4
782,2842,6
782,47,3
782,354,2
782,236,7
782,2167,8
782,503,6
782,2959,9
782,603,5
8,2164,7
8,1803,10
8,3345,3
8,416,8
11,728,4
11,3366,9
11,291,3
11,853,1
11,1497,6
246,1797,1
246,649,5
246,1943,5
246,1999,2
246,3510,10
246,3467,3
246,2685,5
736,2924,2
736,327,1
736,3093,2
736,1870,6
736,2317,9
736,1821,7
736,2512,1
736,2522,10
736,3224,5
34,2303,6
34,1895,5
34,148,9
34,547,4
34,2993,4
34,1706,7
34,659,6
34,329,6
93,2520,6
93,1708,7
93,2008,10
93,763,4
93,3314,6
93,370,2
93,3364,9
93,384,5
240,2109,7
240,2333,5
240,1912,2
240,2065,10
240,244,9
240,3142,8
128,2566,5
128,3515,8
128,672,2
128,174,6
128,2535,7
128,360,9
128,1874,6
133,3031,8
133,2685,5
133,2344,3
133,1988,5
133,433,3
133,824,8
133,171,9
133,3410,7
133,2274,1
358,3182,2
358,2892,3
358,3133,10
358,3035,6
358,2353,6
358,589,3
358,189,10
358,20,10
358,3507,9
539,2035,8
539,2322,3
539,490,4
539,175,5
539,2509,4
539,1260,7
539,1763,5
570,1907,2
570,795,10
570,2738,4
570,2401,7
570,423,3
589,1823,4
589,724,5
589,3398,2
589,2236,6
589,1677,4
589,3477,10
589,382,3
589,2900,8
589,2525,6
791,2775,7
791,3480,2
791,508,1
791,2508,5
796,521,3
796,288,10
796,2939,2
796,2109,3
796,2102,2
796,104,8
796,3171,10
310,1942,4
310,2005,10
310,2961,1
310,2876,2
310,3136,3
310,2388,7
327,2096,1
327,2325,6
327,2304,7
327,566,2
327,2478,7
327,1611,9
327,2153,4
327,722,8
327,2307,8
88,1751,9
88,2059,10
88,2838,5
88,2887,6
88,2046,10
88,3277,6
178,1858,8
178,474,7
178,147,8
178,641,9
337,3170,6
337,583,6
337,59,3
337,3015,7
337,376,7
360,1712,1
360,263,6
360,780,8
360,936,3
361,456,4
361,542,4
361,3454,1
361,1694,4
361,3085,1
361,2169,4
361,2223,7
631,2982,5
631,2470,3
631,2458,7
631,1702,1
441,1404,5
441,3390,2
441,110,4
441,3513,7
441,3282,9
441,728,2
554,2739,10
554,3179,6
554,2144,2
554,2481,9
554,319,5
554,2873,6
554,2648,5
554,2201,9
554,211,7
562,835,8
562,617,7
562,2631,2
562,381,9
562,1700,6
562,3313,5
562,405,9
562,3240,5
562,623,4
581,2250,6
581,2571,3
581,2559,7
581,2892,8
581,534,3
581,3318,6
591,1713,6
591,197,6
591,2622,1
591,1981,1
591,3047,9
623,2642,9
623,2435,5
623,467,3
623,3424,3
623,537,4
623,1025,5
623,462,10
623,3455,8
623,2656,6
89,1693,1
89,69,1
89,553,7
89,2729,9
89,2472,9
89,1679,10
291,2432,3
291,2888,9
291,689,7
291,422,1
291,428,7
291,1705,3
514,1650,7
514,583,4
514,3386,3
514,2371,4
514,367,2
514,2381,4
514,2795,1
514,1925,8
586,2472,8
586,1645,7
586,1609,8
586,3013,10
586,544,5
586,3249,4
586,2385,6
71,2698,7
71,111,1
71,2624,5
71,1709,1
71,2300,5
71,3194,2
71,647,3
71,587,8
507,1628,10
507,2445,6
507,301,3
507,85,2
507,97,5
507,2756,8
507,1844,4
574,2608,1
574,647,1
574,3091,10
574,2267,9
574,692,9
574,930,6
574,2197,7
574,2917,2
574,3079,3
235,2980,1
235,534,6
235,2401,10
235,3326,9
235,1923,1
235,818,2
235,640,7
235,616,10
235,3302,7
334,3318,9
334,2635,8
334,2341,6
334,1826,2
334,2004,6
334,3088,7
334,225,2
334,193,1
465,3340,3
465,2447,1
465,1543,5
465,2477,5
465,571,8
465,2485,3
465,2925,4
465,2237,9
513,3508,5
513,219,8
513,2056,6
513,1323,4
513,3286,9
513,2183,1
595,2658,10
595,400,4
595,2229,9
595,3505,9
595,1963,8
595,2956,4
595,1924,3
595,2558,6
575,3103,7
575,3444,7
575,2440,8
575,3400,8
575,1521,2
575,595,1
575,2926,1
751,2906,3
751,341,6
751,2282,6
751,1887,7
213,2188,8
213,421,1
213,3108,4
213,2855,9
213,3257,9
213,2822,7
213,2851,6
213,798,5
213,432,10
506,553,2
506,2308,1
506,3385,8
506,2174,4
506,78,5
506,2425,4
506,1575,4
506,3074,7
506,2052,4
573,2732,3
573,2661,2
573,668,2
573,2048,2
473,3153,1
473,2070,2
473,3210,1
473,3302,6
560,702,6
560,320,1
560,2206,9
560,330,8
560,3412,1
459,1815,10
459,87,10
459,2754,5
459,2433,7
643,258,4
643,3075,10
643,518,1
643,809,2
643,535,7
643,882,6
643,2189,9
643,2867,6
663,2447,10
663,659,7
663,3215,9
663,3518,8
663,943,10
663,333,4
214,816,9
214,780,2
214,2243,3
214,249,1
214,1897,10
214,2249,7
214,2426,1
214,3111,8
214,1993,6
324,2844,9
324,78,2
324,3515,5
324,3448,5
324,2900,5
324,103,4
731,2678,4
731,3456,6
731,166,6
731,424,6
731,1921,3
731,3419,8
731,2051,7
731,1756,5
731,3127,7
223,3442,8
223,724,8
223,2299,3
223,112,1
223,2481,5
223,1893,1
223,249,9
223,54,7
303,586,1
303,2546,10
303,3255,1
303,2644,10
303,778,5
303,2050,9
303,3190,2
303,483,10
303,234,9
567,606,1
567,1750,2
567,162,6
567,3106,10
567,3371,1
567,1695,9
567,2748,6
567,2074,6
576,2577,8
576,2098,4
576,2560,1
576,2164,10
641,2216,2
641,2255,2
641,3137,4
641,3190,4
641,3404,4
641,1855,9
722,1584,9
722,2170,6
722,759,8
722,941,7
722,3323,6
722,106,5
722,535,1
722,242,4
568,3371,2
568,2629,8
568,1961,2
568,538,6
568,2813,8
568,176,2
568,3429,9
568,173,2
599,2537,1
599,2859,2
599,3034,8
599,398,8
599,149,7
599,891,6
599,1818,4
599,1521,5
599,2523,5
697,109,8
697,1991,1
697,246,8
697,2376,10
697,1781,8
697,2780,8
697,2645,7
697,2501,1
531,2117,3
531,2074,8
531,3336,10
531,2913,9
531,1823,8
644,591,6
644,2433,2
644,3029,9
644,2956,10
644,351,3
644,2094,10
644,3370,6
644,2240,3
364,2766,1
364,3467,3
364,600,4
364,1906,4
364,3014,5
364,172,5
364,438,6
364,1772,5
364,3238,7
373,2369,3
373,3441,5
373,61,8
373,3358,2
388,1827,4
388,2163,9
388,2528,5
388,436,4
732,2697,3
732,2293,5
732,3236,4
732,2535,5
732,204,6
732,3465,9
732,3291,4
745,2865,2
745,1999,7
745,837,3
745,3228,9
25,3151,10
25,531,6
25,2910,7
25,3175,9
25,2191,1
25,2076,5
25,1659,1
328,2603,8
328,135,5
328,853,9
328,2727,7
328,2935,1
607,2032,5
607,2447,8
607,246,8
607,3268,9
607,2400,3
607,700,5
607,446,7
665,2490,2
665,3352,2
665,1999,2
665,3116,3
665,2167,2
665,2705,7
665,81,2
107,2670,1
107,465,7
107,249,1
107,2744,4
107,792,9
107,456,6
107,1831,3
107,232,8
524,2965,3
524,1896,1
524,2953,1
524,2696,6
792,78,10
792,2099,2
792,2349,4
792,3168,9
792,2156,4
792,3112,9
797,190,8
797,1882,7
797,1759,7
797,1034,10
797,3132,7
797,3261,1
797,202,7
131,2068,4
131,2959,4
131,630,6
131,203,8
131,2738,1
131,839,8
131,27,3
43,620,6
43,699,9
43,603,4
43,367,5
294,2830,3
294,1836,8
294,65,2
294,72,9
294,3144,9
294,246,7
294,3311,8
768,2027,10
768,2282,3
768,2509,8
768,2124,8
768,2345,2
768,2020,6
768,1781,9
768,2690,4
768,650,3
779,884,1
779,329,6
779,2793,6
779,1734,3
779,1796,2
779,2681,2
779,2825,3
779,2634,10
779,2258,4
77,514,8
77,3245,9
77,2559,2
77,123,2
77,215,9
645,2058,6
645,1577,5
645,2578,8
645,1911,6
645,2048,2
645,1708,8
645,3452,8
412,2247,6
412,3243,1
412,314,5
412,2838,7
412,3219,7
572,3113,5
572,1959,5
572,3420,2
572,1971,2
125,1737,5
125,394,3
125,512,3
125,3401,7
569,836,4
569,602,9
569,2791,3
569,2846,10
569,2928,1
569,3520,7
621,3431,7
621,52,9
621,56,6
621,608,4
621,3226,6
621,2285,7
621,936,4
172,1826,3
172,3372,5
172,3335,3
172,2006,2
172,470,5
172,380,9
172,689,9
340,1893,3
340,734,9
340,292,6
340,3125,6
340,2893,5
340,2811,6
340,312,9
340,342,1
632,2891,4
632,291,7
632,635,3
632,2617,10
632,43,7
632,2795,8
632,2587,9
217,449,10
217,2946,9
217,425,6
217,2466,9
217,2540,3
292,1969,8
292,3234,2
292,375,6
292,2789,2
292,382,7
292,2940,10
292,2074,3
292,3083,6
711,425,9
711,2094,1
711,2713,7
711,1252,7
711,339,8
711,2687,5
711,2536,3
711,1639,2
711,583,4
130,2641,6
130,2793,1
130,2753,6
130,3299,6
349,2704,2
349,380,5
349,818,10
349,469,7
349,3027,4
349,3034,10
349,2929,6
349,3049,1
537,2977,2
537,2307,10
537,2769,4
537,2293,2
537,2762,9
537,2342,1
795,1491,4
795,3440,3
795,2107,2
795,2036,9
795,97,4
795,1995,10
800,3255,10
800,1902,5
800,736,3
800,3006,7
800,120,9
800,81,4
800,1856,8
800,734,2
800,1873,4
101,276,2
101,2654,6
101,2596,5
101,2809,10
190,2054,6
190,192,1
190,156,4
190,2030,1
391,3040,1
391,413,4
391,2009,7
391,3070,6
391,3362,6
391,561,5
527,1950,1
527,330,4
527,2688,1
527,77,7
527,1759,3
527,2103,5
527,312,9
527,2740,4
527,1701,8
633,1686,7
633,817,2
633,2891,2
633,1886,2
633,938,2
633,2887,6
633,1520,6
633,65,2
633,3056,5
44,576,7
44,574,4
44,2586,10
44,2498,5
44,937,10
44,2216,4
44,2254,3
579,2452,9
579,1901,5
579,2979,9
579,317,7
579,1953,4
579,2898,7
579,3268,3
26,2523,1
26,3333,9
26,3493,5
26,2350,4
26,2875,1
26,2701,1
26,3276,6
26,2674,4
26,520,3
571,148,10
571,697,4
571,2615,1
571,2421,6
571,2020,5
571,451,7
433,3111,5
433,2328,2
433,3237,3
433,3321,9
454,2986,5
454,2946,2
454,1940,6
454,84,8
454,3401,2
454,2524,5
454,2343,5
454,739,3
154,2628,10
154,2274,6
154,2389,1
154,2976,8
154,2100,9
154,420,1
154,2492,5
199,1891,2
199,1735,5
199,660,3
199,803,6
199,3278,4
639,311,3
639,840,2
639,2832,1
639,2467,6
229,11,3
229,1862,5
229,2827,6
229,2199,3
229,2476,1
229,3123,6
400,2867,3
400,1839,9
400,2873,9
400,3176,3
400,2032,4
400,1651,2
713,2740,5
713,2064,8
713,3317,10
713,3405,10
713,305,10
713,2033,2
728,2263,4
728,1491,6
728,3159,1
728,1823,5
728,678,4
193,1970,7
193,2506,3
193,301,1
193,319,10
193,1654,5
274,72,8
274,3394,4
274,2492,10
274,941,9
274,2,1
442,2467,10
442,1354,3
442,681,8
442,3262,6
442,2969,9
442,3391,8
442,1839,7
442,2154,3
455,2802,1
455,2045,8
455,601,2
455,198,9
455,3084,5
455,2843,6
455,3150,5
455,2487,4
455,502,2
457,2125,9
457,228,5
457,234,4
457,2047,2
619,3122,7
619,489,8
619,327,4
619,268,1
627,2724,8
627,339,3
627,2950,3
627,3226,5
627,2185,1
627,828,8
627,2615,2
627,2401,7
765,2496,5
765,2642,7
765,2742,3
765,2475,8
765,1721,5
765,394,2
765,1048,5
765,1906,7
551,2013,3
551,855,2
551,521,10
551,2056,6
551,1690,4
551,1987,9
124,2739,9
124,3130,7
124,2576,3
124,1973,8
124,2545,7
124,3512,6
124,3081,4
331,372,5
331,257,3
331,1109,9
331,2214,4
331,338,4
331,2039,3
331,2165,9
343,284,7
343,353,2
343,60,2
343,2275,6
535,3277,10
535,3070,2
535,49,5
535,59,3
535,54,4
535,2727,1
535,231,5
756,724,2
756,213,9
756,697,10
756,3376,4
786,137,6
786,72,7
786,2294,7
786,1763,9
283,3487,7
283,3008,6
283,1986,1
283,2317,4
283,415,3
283,2877,9
283,2732,10
283,1930,4
283,1574,4
471,3357,7
471,382,2
471,671,1
471,3453,5
471,3101,5
471,2717,10
479,2626,9
479,1734,3
479,470,7
479,1928,6
479,104,5
479,3061,7
479,2343,10
545,294,3
545,2238,8
545,2803,5
545,824,5
545,1417,8
545,2443,2
545,136,5
545,3481,7
545,1722,2
166,841,1
166,2973,3
166,2223,9
166,2125,5
166,2182,10
166,2347,7
166,2702,7
166,3357,10
166,1736,8
253,1760,10
253,3024,7
253,2632,4
253,892,10
253,3442,8
253,450,4
148,724,5
148,3329,8
148,577,4
148,2637,1
148,2733,9
148,3128,5
148,2365,5
548,2234,2
548,758,7
548,2048,4
548,2829,1
548,825,1
548,2726,5
548,3221,2
548,518,9
250,248,3
250,2699,4
250,2158,2
250,2003,8
250,623,4
379,2956,6
379,148,6
379,830,8
379,1750,9
379,115,6
379,525,9
414,2699,5
414,385,9
414,1995,8
414,2057,5
583,1768,7
583,730,5
583,550,8
583,481,5
583,2172,6
583,200,3
225,2813,3
225,893,9
225,12,10
225,2159,1
225,3115,6
726,1704,9
726,232,4
726,2020,10
726,3146,1
726,2866,4
726,3049,5
726,2450,9
726,26,5
370,244,1
370,384,2
370,2419,5
370,3376,2
114,2024,1
114,2704,7
114,2302,1
114,2239,10
114,2807,4
114,3209,7
114,3098,6
114,1750,4
144,2338,7
144,3460,1
144,250,8
144,3056,4
144,3238,5
144,232,4
144,488,6
144,3116,1
489,543,2
489,2709,5
489,388,2
489,3026,1
489,751,5
489,2189,1
489,1653,8
489,51,5
529,2712,3
529,2558,5
529,2272,9
529,160,9
529,1739,2
529,1962,6
529,422,7
529,2836,10
547,2697,8
547,596,8
547,2771,10
547,469,3
547,315,5
764,463,1
764,1987,6
764,2355,2
764,2369,9
764,845,10
764,3271,5
764,2634,3
764,141,10
764,2462,3
780,253,8
780,127,2
780,301,10
780,458,4
780,2607,9
780,792,6
780,2495,3
780,3249,5
780,2541,1
525,659,4
525,3171,9
525,2290,8
525,2396,4
525,1883,8
525,71,9
525,891,10
525,3518,10
226,3434,2
226,2657,2
226,1838,5
226,2222,6
226,1705,6
226,2770,9
523,197,1
523,3420,1
523,343,3
523,808,1
523,3395,8
523,2063,2
523,2701,10
115,3392,9
115,2840,10
115,72,10
115,556,3
115,2751,7
115,2421,1
115,2479,10
115,619,6
256,151,6
256,2777,7
256,2867,6
256,3254,6
256,2073,2
256,41,4
743,2278,7
743,2466,8
743,112,10
743,52,6
743,3119,8
319,109,7
319,3037,9
319,930,8
319,1674,10
319,455,2
319,1855,5
424,2416,3
424,3335,5
424,3119,9
424,1899,4
424,306,9
485,2524,10
485,2681,2
485,455,1
485,2712,2
485,313,3
485,2888,3
485,841,2
485,2323,6
689,1790,1
689,2438,8
689,2119,9
689,2969,7
770,449,9
770,2980,4
770,3238,8
770,2860,1
770,238,6
770,3368,6
770,702,9
50,2620,10
50,2969,6
50,378,10
50,2639,3
50,942,8
50,60,5
50,829,9
50,1759,7
301,1665,9
301,2109,9
301,715,6
301,758,2
301,2957,9
301,2472,7
367,3372,6
367,335,4
367,318,7
367,539,8
304,3434,8
304,853,8
304,3019,10
304,2767,5
304,2290,5
785,2511,1
785,553,1
785,2767,8
785,154,6
207,312,6
207,1974,2
207,342,9
207,300,3
637,2322,3
637,3041,3
637,2203,8
637,127,4
637,1832,8
637,515,6
637,3086,10
637,173,10
637,2841,6
691,237,7
691,3110,6
691,619,7
691,2350,8
691,3417,6
691,721,8
691,2182,8
691,2927,4
691,2969,1
533,2024,10
533,2452,6
533,3228,2
533,2024,5
533,2565,3
181,3352,3
181,3333,2
181,1883,6
181,1893,3
181,2956,10
181,2448,5
625,681,5
625,2524,1
625,3353,8
625,3092,10
625,2716,3
733,1703,6
733,2025,5
733,924,1
733,1988,9
733,2795,4
733,2897,4
733,382,5
733,2358,9
40,446,1
40,2684,3
40,2373,10
40,936,7
35,1705,7
35,2258,8
35,3351,5
35,3486,3
35,386,1
35,2272,3
35,267,1
205,2983,6
205,1988,5
205,3296,3
205,1724,7
205,94,2
205,2829,8
205,1770,6
205,3176,1
205,2099,1
247,176,7
247,2364,5
247,286,6
247,2677,10
247,2053,3
247,3209,9
247,1857,4
247,1939,8
247,388,7
169,1880,3
169,3093,6
169,627,3
169,1861,8
169,224,2
169,2076,5
169,3245,5
169,208,9
497,3081,7
497,590,9
497,469,4
497,2878,2
497,85,5
497,3078,10
497,416,6
497,1930,2
497,1485,4
313,1714,2
313,2481,5
313,1688,2
313,829,5
313,3144,2
313,2491,2
313,2881,10
605,1959,8
605,2581,7
605,209,10
605,3049,3
605,430,5
605,2439,2
605,67,8
611,2848,9
611,2448,3
611,592,2
611,2222,8
611,331,4
611,2508,9
211,3017,2
211,700,2
211,3091,2
211,297,2
211,76,5
211,1901,8
693,178,7
693,2690,2
693,3076,7
693,2623,10
693,2364,3
277,3195,4
277,2450,8
277,2283,9
277,623,8
277,3483,1
277,3082,1
461,2472,8
461,2435,8
461,2920,3
461,2393,3
461,3496,1
461,2627,9
322,2878,3
322,1871,7
322,1899,2
322,3346,1
322,2643,3
322,1673,10
322,2739,6
322,1963,9
322,305,8
145,716,3
145,140,3
145,3482,3
145,80,6
208,3366,9
208,331,9
208,2073,4
208,2833,4
208,3328,4
208,2692,6
760,3150,5
760,2872,3
760,2244,8
760,3192,9
760,3231,5
760,898,2
760,565,6
760,1916,8
760,3131,3
325,118,1
325,3314,1
325,1987,2
325,3014,7
325,317,6
325,2675,4
543,3280,1
543,837,7
543,2149,6
543,1632,2
543,3216,6
543,2680,4
543,3136,4
41,3002,7
41,374,5
41,2935,1
41,2723,10
41,2380,8
41,1890,7
41,3430,5
41,2616,9
436,2824,2
436,2212,4
436,2692,7
436,3050,9
436,3409,10
436,623,1
436,65,5
436,1723,8
436,2429,4
519,2580,7
519,1915,6
519,1871,8
519,540,9
519,3023,3
519,2119,8
519,3041,10
519,2018,8
519,3282,9
418,199,4
418,2460,9
418,112,10
418,393,4
418,3401,10
491,1916,6
491,3192,9
491,824,5
491,1731,2
491,2651,3
491,500,9
491,85,3
491,3303,8
491,472,2
415,747,10
415,543,2
415,1882,2
415,1502,2
415,3,6
415,3481,9
415,2838,10
415,3096,3
515,775,8
515,2840,4
515,1966,8
515,1751,4
515,2835,7
515,2100,2
781,1844,8
781,3366,2
781,2160,7
781,2108,1
781,2522,8
781,2824,1
781,2226,8
781,301,7
781,1937,6
1,347,9
1,3384,2
1,3014,1
1,2666,6
1,2772,10
2,2543,6
2,2,3
2,2994,7
2,1926,4
2,3288,2
2,1989,6
2,2029,8
3,763,1
3,678,7
3,2954,10
3,215,6
4,2871,3
4,2536,4
4,2809,3
4,1725,5
4,1611,2
4,1734,2
4,2210,2
4,3127,3
4,1978,4
5,2832,4
5,2572,8
5,553,1
5,877,10
6,619,6
6,2904,6
6,3024,8
6,692,4
6,2107,3
6,1751,8
6,2372,8
6,1966,4
6,823,8
8,2428,9
8,529,8
8,143,10
8,1937,2
8,2359,2
8,2657,8
11,2280,9
11,2807,9
11,2635,9
11,2308,5
13,2739,4
13,2423,6
13,2830,5
13,3219,3
13,2906,7
14,185,5
14,3194,7
14,747,7
14,247,6
15,483,1
15,2046,6
15,497,5
15,3475,10
15,2687,1
15,1882,8
15,2729,3
16,271,7
16,74,9
16,2248,8
16,383,1
17,272,3
17,574,9
17,196,5
17,2655,3
18,2206,5
18,2699,6
18,3503,8
18,2608,9
18,6,10
18,1645,5
18,2416,3
18,1807,9
19,3365,3
19,694,9
19,3370,9
19,1651,2
19,2585,2
21,1756,8
21,3165,4
21,2300,2
21,2293,1
21,1361,2
21,1788,8
21,1639,1
21,336,6
22,2899,10
22,2035,10
22,3065,5
22,3056,1
22,2936,9
22,184,3
22,3049,7
22,2437,3
22,2439,4
23,3201,2
23,1916,8
23,250,4
23,75,10
23,2359,8
24,497,10
24,2897,7
24,2863,5
24,2569,8
24,2316,1
25,2336,3
25,2185,2
25,2735,3
25,837,9
25,1939,10
26,2009,1
26,716,8
26,1832,6
26,379,10
26,2186,2
26,2114,7
26,3214,4
26,3043,6
27,2657,9
27,1577,10
27,3350,1
27,2862,9
27,3021,9
27,502,5
28,964,7
28,2172,8
28,3431,9
28,2216,2
28,828,3
29,325,2
29,2078,5
29,356,3
29,2316,9
29,1875,5
29,2611,8
30,3502,6
30,2406,3
30,3034,8
30,1609,2
30,3309,4
30,3294,3
30,3323,3
31,394,5
31,3199,10
31,2860,2
31,143,7
31,2727,1
31,2855,8
31,1664,4
31,2836,9
32,1825,8
32,1712,10
32,2946,2
32,1569,1
32,1484,10
33,2528,5
33,3420,2
33,3073,10
33,2917,6
33,694,4
33,2782,3
33,233,6
33,2000,9
34,163,1
34,2855,4
34,2394,10
34,3250,4
34,3341,1
34,1874,9
34,1847,5
34,1901,9
35,2801,6
35,3003,1
35,3285,7
35,1533,9
35,3480,3
35,2404,8
35,1832,7
36,2151,5
36,1848,6
36,361,10
36,3349,1
37,3225,8
37,3163,6
37,263,9
37,2356,9
37,359,6
37,890,7
37,2805,6
37,114,4
37,3343,1
38,2847,7
38,739,4
38,3513,2
38,259,7
38,2123,7
38,3426,1
39,2756,3
39,1874,3
39,1942,5
39,490,1
39,895,7
39,2578,2
39,2970,5
40,2423,9
40,2930,6
40,755,3
40,323,2
40,633,2
40,2704,3
40,2893,9
40,2370,7
40,253,4
43,3271,3
43,2862,9
43,2490,10
43,252,3
43,2843,6
43,2418,5
44,3352,6
44,1931,10
44,1933,5
44,149,10
44,2405,4
44,2256,4
45,2271,3
45,699,2
45,326,8
45,480,6
45,2316,10
45,2639,10
45,2461,10
45,72,6
46,528,6
46,1935,9
46,398,8
46,263,6
48,2716,4
48,1702,6
48,536,7
48,2493,2
48,944,9
49,2176,10
49,3459,6
49,2285,9
49,934,10
49,2826,4
49,2252,3
49,2596,3
49,1762,4
50,3178,7
50,1669,1
50,2663,7
50,2634,3
50,2565,6
50,2478,10
50,2025,10
50,2820,7
50,2593,6
51,348,6
51,2304,1
51,1992,3
51,2076,1
51,2344,4
51,1872,3
52,2999,8
52,134,3
52,1628,7
52,936,3
52,236,4
53,361,10
53,3291,5
53,3391,7
53,2518,1
53,2799,9
53,1716,3
54,1938,7
54,2742,1
54,2268,10
54,2367,4
54,2391,4
55,2024,5
55,2099,7
55,3376,3
55,495,10
56,3115,4
56,3260,7
56,2093,1
56,2766,4
56,2381,3
56,441,3
57,3278,7
57,2777,4
57,118,8
57,344,10
57,232,3
57,2288,9
57,2320,7
58,3387,4
58,1937,10
58,252,5
58,57,3
58,3093,4
58,3077,9
58,2314,2
58,1867,7
59,3137,10
59,2839,4
59,1816,7
59,376,9
59,3364,9
59,104,4
59,2003,4
59,2453,7
59,2577,7
61,2924,5
61,1760,8
61,522,10
61,2989,8
61,463,10
61,2425,7
61,925,8
62,1838,4
62,2035,3
62,2159,6
62,2208,3
62,2928,10
62,543,8
62,3057,7
62,32,5
63,2396,10
63,1921,10
63,2693,8
63,2402,4
63,550,1
63,3515,8
63,2888,4
63,2378,6
63,490,10
64,2291,1
64,2821,8
64,255,10
64,3495,8
65,1963,5
65,3291,5
65,1352,4
65,2239,7
65,2757,10
66,2574,4
66,1823,6
66,291,3
66,2908,4
66,2717,2
66,2262,9
66,1714,2
66,373,2
66,3001,3
67,1775,4
67,1856,10
67,2385,8
67,2112,4
67,2990,1
67,3295,5
67,669,4
68,3430,10
68,259,3
68,2384,2
68,565,6
68,3004,4
68,3211,6
68,2996,10
68,2227,8
68,3191,6
69,763,9
69,3245,4
69,573,3
69,2917,9
69,3450,6
69,431,2
70,1757,2
70,2784,3
70,1704,5
70,3157,6
70,19,9
73,3029,8
73,1796,8
73,2783,7
73,1892,8
73,2000,1
73,2500,7
73,338,2
74,620,7
74,2886,4
74,813,3
74,1260,7
74,3286,4
74,40,5
74,926,9
75,3378,1
75,1640,8
75,160,7
75,311,3
75,2063,1
75,305,1
76,2969,5
76,3154,7
76,2066,9
76,3306,4
76,2593,8
76,511,10
76,2815,5
77,359,9
77,2533,1
77,2313,6
77,1189,7
77,441,9
77,3149,6
78,2234,6
78,2107,2
78,79,8
78,420,7
78,2331,2
80,332,2
80,823,1
80,2543,5
80,606,3
82,2601,1
82,669,6
82,3356,7
82,3092,8
82,3335,1
84,1871,5
84,2450,3
84,3198,5
84,2259,10
84,433,5
85,3192,6
85,71,10
85,2283,8
85,3355,10
85,415,9
85,2736,3
86,2278,6
86,660,1
86,245,3
86,189,7
86,2584,3
86,421,8
87,2995,4
87,2514,5
87,2194,8
87,2377,6
87,1671,6
87,90,3
87,633,6
87,1819,4
90,245,10
90,156,5
90,1813,5
90,2564,1
91,342,6
91,641,6
91,3269,3
91,2388,8
91,2650,2
91,3373,3
91,2314,3
91,3033,8
92,3202,7
92,3136,1
92,451,6
92,3420,7
92,2724,8
92,3158,6
92,223,9
92,380,1
93,1893,5
93,3310,8
93,73,7
93,3234,3
93,2420,2
93,271,3
94,3505,10
94,790,2
94,1791,8
94,2898,2
94,1759,7
94,2356,9
94,2095,6
94,3211,3
94,2854,5
95,3427,1
95,2200,4
95,3166,6
95,101,6
95,3239,1
95,1725,4
95,2796,2
97,3271,10
97,1753,9
97,349,9
97,2450,5
97,2454,8
97,2293,8
97,428,4
97,2713,1
97,599,9
100,3179,8
100,3340,2
100,1708,5
100,3272,7
100,374,1
100,3172,5
100,1655,8
101,1875,4
101,3386,6
101,3408,10
101,2417,6
103,2995,6
103,1628,1
103,2231,1
103,2332,10
103,760,10
104,2250,3
104,2465,3
104,930,1
104,688,3
105,142,9
105,71,7
105,1692,2
105,2142,4
105,3469,5
106,3160,3
106,3237,1
106,231,8
106,1543,6
106,734,7
106,1791,3
106,560,10
106,2657,5
107,2346,8
107,1797,6
107,1695,3
107,2029,4
107,1971,7
107,586,5
107,2935,3
108,2168,3
108,831,6
108,135,9
108,3109,9
108,3239,5
108,3354,4
108,2002,8
108,3215,6
108,392,10
109,1853,10
109,1948,4
109,3003,1
109,117,5
110,2876,6
110,462,5
110,882,9
110,593,4
111,414,10
111,113,3
111,289,9
111,3018,6
111,3068,7
112,3187,9
112,1945,8
112,3151,4
112,3103,2
112,3172,1
112,2834,10
112,2271,1
113,3421,9
113,2649,1
113,1706,6
113,708,4
113,2633,9
113,3149,10
113,1866,1
113,2774,7
114,310,9
114,1939,1
114,60,1
114,2909,10
114,3342,2
114,1697,9
115,120,1
115,2210,10
115,142,3
115,462,6
116,2594,8
116,2325,2
116,2627,4
116,3519,8
116,1823,9
116,2946,2
116,2785,10
116,2368,10
116,100,3
117,1977,8
117,3400,10
117,2467,8
117,305,4
118,333,10
118,2901,4
118,3262,3
118,2329,2
118,492,2
118,2269,3
119,2747,6
119,1820,3
119,1896,8
119,716,1
119,2343,3
119,2085,7
120,3407,5
120,311,10
120,46,8
120,333,2
120,3242,5
120,59,5
120,2799,3
120,2887,1
120,189,3
121,3491,7
121,1721,5
121,6,5
121,2369,5
121,829,3
121,10,8
121,2216,7
121,462,8
122,830,3
122,1944,4
122,231,5
122,3176,3
122,3310,4
122,547,9
122,1921,5
123,2222,3
123,2220,7
123,2930,4
123,2426,9
123,2768,5
123,2781,3
123,3098,1
123,2898,1
123,116,4
124,3353,5
124,126,7
124,3159,6
124,2297,7
124,3398,2
124,2714,3
125,642,8
125,104,7
125,542,5
125,81,4
125,598,2
125,2251,7
127,392,4
127,297,10
127,3002,9
127,1983,7
127,375,9
127,3334,3
128,803,9
128,2625,5
128,1417,7
128,2311,8
128,592,5
128,2858,6
128,304,2
128,1690,10
129,3155,3
129,2471,5
129,2825,7
129,3145,1
129,795,5
129,2563,3
129,2741,1
130,3492,5
130,3068,10
130,166,3
130,553,9
131,2039,5
131,2608,3
131,2119,7
131,2937,4
131,352,2
131,141,7
131,3468,7
131,1950,3
131,400,4
132,200,8
132,391,6
132,2683,6
132,1790,1
132,3450,10
132,2199,7
132,2813,3
132,2300,1
132,3138,10
136,380,6
136,2771,6
136,688,4
136,2859,7
140,2326,7
140,400,8
140,1593,2
140,206,10
140,2294,9
140,2402,4
142,2516,10
142,2609,3
142,2597,8
142,1025,4
142,1850,8
142,1860,2
142,2824,7
142,2883,9
148,573,4
148,2728,3
148,2462,7
148,420,8
151,2051,9
151,2052,8
151,702,9
151,2719,5
151,3273,10
151,2150,1
151,846,7
155,67,10
155,407,7
155,347,9
155,138,5
156,3222,9
156,324,1
156,1615,5
156,2717,7
158,2787,2
158,1898,4
158,2413,1
158,2587,9
158,2864,2
158,2312,2
159,2279,6
159,2499,1
159,3475,6
159,2222,9
159,84,8
159,252,3
160,102,2
160,880,3
160,2794,4
160,695,5
160,3086,1
160,3267,1
160,1919,5
160,751,7
160,2538,4
162,2767,2
162,2507,3
162,3467,9
162,2805,2
163,3258,7
163,3358,9
163,798,10
163,227,9
163,2681,1
163,3119,8
164,3010,3
164,3331,4
164,3477,8
164,247,7
164,1323,4
164,766,6
164,1967,10
164,308,9
164,1668,8
167,3490,2
167,3099,10
167,3195,5
167,2568,4
167,486,7
167,1689,1
167,2566,3
167,3460,1
168,1789,1
168,462,4
168,2258,9
168,724,1
169,442,1
169,46,4
169,3424,7
169,3113,2
169,890,9
169,2267,1
169,2349,6
169,1497,5
169,1852,7
170,1773,6
170,1804,10
170,332,2
170,2075,2
170,1993,8
170,2543,8
170,2316,4
170,2100,5
170,2932,6
172,2670,3
172,2557,10
172,2176,6
172,2955,4
172,2320,1
172,538,8
172,3513,7
173,3205,2
173,2126,3
173,2016,10
173,3510,6
173,179,8
173,2544,9
174,3038,1
174,2257,2
174,3491,9
174,2929,7
174,2697,8
175,3257,6
175,595,10
175,180,2
175,3087,8
175,1652,10
175,1924,6
175,3348,5
175,2768,10
175,3021,4
176,589,4
176,796,2
176,2745,3
176,1769,4
177,3092,2
177,2634,9
177,3007,8
177,2547,10
177,2847,10
179,288,1
179,1783,10
179,1928,3
179,2662,4
179,1813,3
179,1652,10
179,333,9
179,3111,9
179,2470,7
183,392,8
183,3246,2
183,440,5
183,2664,1
183,2993,1
183,2252,8
183,245,2
184,3154,7
184,1640,6
184,1657,2
184,616,3
184,3097,3
184,647,7
184,3186,2
184,3168,2
185,1925,3
185,2211,5
185,2848,10
185,599,6
185,492,6
185,2677,5
185,494,4
185,3500,7
185,935,1
187,61,8
187,633,3
187,531,9
187,2748,1
188,2285,1
188,466,3
188,2943,2
188,401,1
188,263,8
188,75,1
188,1845,8
188,2609,7
189,80,10
189,627,8
189,394,9
189,1991,1
189,3056,3
189,2026,4
189,2829,5
191,3186,10
191,3238,7
191,623,2
191,2014,7
191,2159,9
191,721,5
191,3515,10
192,738,7
192,2489,9
192,445,1
192,1719,9
192,3117,1
192,2976,9
192,2067,8
192,814,3
192,2556,1
193,2447,4
193,2301,8
193,3109,7
193,3118,5
193,273,8
193,32,9
194,3356,8
194,2505,4
194,878,5
194,3035,4
194,3210,3
195,2974,5
195,780,3
195,2421,2
195,87,4
195,3318,10
195,3140,4
195,2998,8
196,366,6
196,3329,7
196,2727,7
196,1660,2
196,3137,7
196,839,10
196,641,7
196,1662,8
196,1653,7
198,2025,7
198,751,2
198,3050,4
198,2421,1
198,2363,1
198,328,8
198,2745,1
198,2980,1
199,85,2
199,3132,7
199,2954,3
199,2637,6
199,3190,8
199,1996,2
199,3516,7
199,2851,9
200,689,6
200,394,5
200,1898,4
200,2019,3
200,2336,10
200,1768,1
671,1669,4
671,2955,8
671,346,3
671,532,10
669,262,4
669,423,2
669,1978,4
669,2045,1
669,1743,4
669,2232,6
669,2761,3
669,1703,2
669,2821,5
99,2971,1
99,3225,2
99,148,6
99,2049,2
99,1929,8
99,2434,2
99,2974,8
99,1977,6
99,1854,7
248,1664,3
248,1930,5
248,3208,10
248,2956,4
248,3368,1
248,2907,5
